Copyright 1986-2022 Xilinx, Inc. All Rights Reserved. Copyright 2022-2026 Advanced Micro Devices, Inc. All Rights Reserved.
---------------------------------------------------------------------------------------------------------------------------------------------------------------------------------------------------------------------------------------------------------
| Tool Version : Vivado v.2025.2.1 (lin64) Build 6403652 Thu Mar 19 13:47:00 MDT 2026
| Date         : Thu Sep 24 16:05:28 2026
| Host         : gaphs16.portoalegre.pucrsnet.br running 64-bit Rocky Linux release 8.10 (Green Obsidian)
| Command      : report_timing_summary -max_paths 10 -routable_nets -report_unconstrained -file ps2_display7seg_timing_summary_routed.rpt -pb ps2_display7seg_timing_summary_routed.pb -rpx ps2_display7seg_timing_summary_routed.rpx -warn_on_violation
| Design       : ps2_display7seg
| Device       : 7a100t-csg324
| Speed File   : -1  PRODUCTION 1.23 2018-06-13
| Design State : Routed
---------------------------------------------------------------------------------------------------------------------------------------------------------------------------------------------------------------------------------------------------------

Timing Summary Report

------------------------------------------------------------------------------------------------
| Timer Settings
| --------------
------------------------------------------------------------------------------------------------

  Enable Multi Corner Analysis               :  Yes
  Enable Pessimism Removal                   :  Yes
  Pessimism Removal Resolution               :  Nearest Common Node
  Enable Input Delay Default Clock           :  No
  Enable Preset / Clear Arcs                 :  No
  Disable Flight Delays                      :  No
  Ignore I/O Paths                           :  No
  Timing Early Launch at Borrowing Latches   :  No
  Borrow Time for Max Delay Exceptions       :  Yes
  Merge Timing Exceptions                    :  Yes
  Inter-SLR Compensation                     :  Conservative

  Corner  Analyze    Analyze    
  Name    Max Paths  Min Paths  
  ------  ---------  ---------  
  Slow    Yes        Yes        
  Fast    Yes        Yes        


------------------------------------------------------------------------------------------------
| Report Methodology
| ------------------
------------------------------------------------------------------------------------------------

Rule       Severity          Description                    Violations  
---------  ----------------  -----------------------------  ----------  
TIMING-17  Critical Warning  Non-clocked sequential cell    30          
LUTAR-1    Warning           LUT drives async reset alert   1           
TIMING-18  Warning           Missing input or output delay  11          

Note: This report is based on the most recent report_methodology run and may not be up-to-date. Run report_methodology on the current design for the latest report.



check_timing report

Table of Contents
-----------------
1. checking no_clock (30)
2. checking constant_clock (0)
3. checking pulse_width_clock (0)
4. checking unconstrained_internal_endpoints (60)
5. checking no_input_delay (3)
6. checking no_output_delay (16)
7. checking multiple_clock (0)
8. checking generated_clocks (0)
9. checking loops (0)
10. checking partial_input_delay (0)
11. checking partial_output_delay (0)
12. checking latch_loops (0)

1. checking no_clock (30)
-------------------------
 There are 27 register/latch pins with no clock driven by root clock pin: ps2_clk (HIGH)

 There are 3 register/latch pins with no clock driven by root clock pin: divisor_clock_inst/clk_out_reg/Q (HIGH)


2. checking constant_clock (0)
------------------------------
 There are 0 register/latch pins with constant_clock.


3. checking pulse_width_clock (0)
---------------------------------
 There are 0 register/latch pins which need pulse_width check


4. checking unconstrained_internal_endpoints (60)
-------------------------------------------------
 There are 60 pins that are not constrained for maximum delay. (HIGH)

 There are 0 pins that are not constrained for maximum delay due to constant clock.


5. checking no_input_delay (3)
------------------------------
 There are 3 input ports with no input delay specified. (HIGH)

 There are 0 input ports with no input delay but user has a false path constraint.


6. checking no_output_delay (16)
--------------------------------
 There are 16 ports with no output delay specified. (HIGH)

 There are 0 ports with no output delay but user has a false path constraint

 There are 0 ports with no output delay but with a timing clock defined on it or propagating through it


7. checking multiple_clock (0)
------------------------------
 There are 0 register/latch pins with multiple clocks.


8. checking generated_clocks (0)
--------------------------------
 There are 0 generated clocks that are not connected to a clock source.


9. checking loops (0)
---------------------
 There are 0 combinational loops in the design.


10. checking partial_input_delay (0)
------------------------------------
 There are 0 input ports with partial input delay specified.


11. checking partial_output_delay (0)
-------------------------------------
 There are 0 ports with partial output delay specified.


12. checking latch_loops (0)
----------------------------
 There are 0 combinational latch loops in the design through latch input



------------------------------------------------------------------------------------------------
| Design Timing Summary
| ---------------------
------------------------------------------------------------------------------------------------

    WNS(ns)      TNS(ns)  TNS Failing Endpoints  TNS Total Endpoints      WHS(ns)      THS(ns)  THS Failing Endpoints  THS Total Endpoints     WPWS(ns)     TPWS(ns)  TPWS Failing Endpoints  TPWS Total Endpoints  
    -------      -------  ---------------------  -------------------      -------      -------  ---------------------  -------------------     --------     --------  ----------------------  --------------------  
      5.936        0.000                      0                 1093        0.115        0.000                      0                 1093        4.500        0.000                       0                   551  


All user specified timing constraints are met.


------------------------------------------------------------------------------------------------
| Clock Summary
| -------------
------------------------------------------------------------------------------------------------

Clock         Waveform(ns)       Period(ns)      Frequency(MHz)
-----         ------------       ----------      --------------
clock_master  {0.000 5.000}      10.000          100.000         


------------------------------------------------------------------------------------------------
| Intra Clock Table
| -----------------
------------------------------------------------------------------------------------------------

Clock             WNS(ns)      TNS(ns)  TNS Failing Endpoints  TNS Total Endpoints      WHS(ns)      THS(ns)  THS Failing Endpoints  THS Total Endpoints     WPWS(ns)     TPWS(ns)  TPWS Failing Endpoints  TPWS Total Endpoints  
-----             -------      -------  ---------------------  -------------------      -------      -------  ---------------------  -------------------     --------     --------  ----------------------  --------------------  
clock_master        5.936        0.000                      0                 1093        0.115        0.000                      0                 1093        4.500        0.000                       0                   551  


------------------------------------------------------------------------------------------------
| Inter Clock Table
| -----------------
------------------------------------------------------------------------------------------------

From Clock    To Clock          WNS(ns)      TNS(ns)  TNS Failing Endpoints  TNS Total Endpoints      WHS(ns)      THS(ns)  THS Failing Endpoints  THS Total Endpoints  
----------    --------          -------      -------  ---------------------  -------------------      -------      -------  ---------------------  -------------------  


------------------------------------------------------------------------------------------------
| Other Path Groups Table
| -----------------------
------------------------------------------------------------------------------------------------

Path Group    From Clock    To Clock          WNS(ns)      TNS(ns)  TNS Failing Endpoints  TNS Total Endpoints      WHS(ns)      THS(ns)  THS Failing Endpoints  THS Total Endpoints  
----------    ----------    --------          -------      -------  ---------------------  -------------------      -------      -------  ---------------------  -------------------  


------------------------------------------------------------------------------------------------
| User Ignored Path Table
| -----------------------
------------------------------------------------------------------------------------------------

Path Group    From Clock    To Clock    
----------    ----------    --------    


------------------------------------------------------------------------------------------------
| Unconstrained Path Table
| ------------------------
------------------------------------------------------------------------------------------------

Path Group    From Clock    To Clock    
----------    ----------    --------    
(none)                                    
(none)        clock_master                
(none)                      clock_master  


------------------------------------------------------------------------------------------------
| Timing Details
| --------------
------------------------------------------------------------------------------------------------


---------------------------------------------------------------------------------------------------
From Clock:  clock_master
  To Clock:  clock_master

Setup :            0  Failing Endpoints,  Worst Slack        5.936ns,  Total Violation        0.000ns
Hold  :            0  Failing Endpoints,  Worst Slack        0.115ns,  Total Violation        0.000ns
PW    :            0  Failing Endpoints,  Worst Slack        4.500ns,  Total Violation        0.000ns
---------------------------------------------------------------------------------------------------


Max Delay Paths
--------------------------------------------------------------------------------------
Slack (MET) :             5.936ns  (required time - arrival time)
  Source:                 divisor_clock_inst/cont_reg[3]/C
                            (rising edge-triggered cell FDRE clocked by clock_master  {rise@0.000ns fall@5.000ns period=10.000ns})
  Destination:            divisor_clock_inst/cont_reg[4]/R
                            (rising edge-triggered cell FDRE clocked by clock_master  {rise@0.000ns fall@5.000ns period=10.000ns})
  Path Group:             clock_master
  Path Type:              Setup (Max at Slow Process Corner)
  Requirement:            10.000ns  (clock_master rise@10.000ns - clock_master rise@0.000ns)
  Data Path Delay:        3.399ns  (logic 1.694ns (49.838%)  route 1.705ns (50.162%))
  Logic Levels:           6  (CARRY4=5 LUT2=1)
  Clock Path Skew:        -0.026ns (DCD - SCD + CPR)
    Destination Clock Delay (DCD):    5.008ns = ( 15.008 - 10.000 ) 
    Source Clock Delay      (SCD):    5.310ns
    Clock Pessimism Removal (CPR):    0.276ns
  Clock Uncertainty:      0.035ns  ((TSJ^2 + TIJ^2)^1/2 + DJ) / 2 + PE
    Total System Jitter     (TSJ):    0.071ns
    Total Input Jitter      (TIJ):    0.000ns
    Discrete Jitter          (DJ):    0.000ns
    Phase Error              (PE):    0.000ns

    Location             Delay type                Incr(ns)  Path(ns)    Netlist Resource(s)
  -------------------------------------------------------------------    -------------------
                         (clock clock_master rise edge)
                                                      0.000     0.000 r  
    E3                                                0.000     0.000 r  clk (IN)
                         net (fo=0)                   0.000     0.000    clk
    E3                   IBUF (Prop_ibuf_I_O)         1.482     1.482 r  clk_IBUF_inst/O
                         net (fo=1, routed)           2.025     3.506    clk_IBUF
    BUFGCTRL_X0Y16       BUFG (Prop_bufg_I_O)         0.096     3.602 r  clk_IBUF_BUFG_inst/O
                         net (fo=550, routed)         1.708     5.310    divisor_clock_inst/CLK
    SLICE_X5Y106         FDRE                                         r  divisor_clock_inst/cont_reg[3]/C
  -------------------------------------------------------------------    -------------------
    SLICE_X5Y106         FDRE (Prop_fdre_C_Q)         0.456     5.766 r  divisor_clock_inst/cont_reg[3]/Q
                         net (fo=3, routed)           0.801     6.567    divisor_clock_inst/cont_reg[3]
    SLICE_X3Y108         LUT2 (Prop_lut2_I1_O)        0.124     6.691 r  divisor_clock_inst/cont1_carry_i_7/O
                         net (fo=1, routed)           0.000     6.691    divisor_clock_inst/cont1_carry_i_7_n_0
    SLICE_X3Y108         CARRY4 (Prop_carry4_S[1]_CO[3])
                                                      0.550     7.241 r  divisor_clock_inst/cont1_carry/CO[3]
                         net (fo=1, routed)           0.000     7.241    divisor_clock_inst/cont1_carry_n_0
    SLICE_X3Y109         CARRY4 (Prop_carry4_CI_CO[3])
                                                      0.114     7.355 r  divisor_clock_inst/cont1_carry__0/CO[3]
                         net (fo=1, routed)           0.000     7.355    divisor_clock_inst/cont1_carry__0_n_0
    SLICE_X3Y110         CARRY4 (Prop_carry4_CI_CO[3])
                                                      0.114     7.469 r  divisor_clock_inst/cont1_carry__1/CO[3]
                         net (fo=1, routed)           0.000     7.469    divisor_clock_inst/cont1_carry__1_n_0
    SLICE_X3Y111         CARRY4 (Prop_carry4_CI_CO[3])
                                                      0.114     7.583 r  divisor_clock_inst/cont1_carry__2/CO[3]
                         net (fo=1, routed)           0.000     7.583    divisor_clock_inst/cont1
    SLICE_X3Y112         CARRY4 (Prop_carry4_CI_O[0])
                                                      0.222     7.805 r  divisor_clock_inst/cont1_carry__3/O[0]
                         net (fo=32, routed)          0.904     8.709    divisor_clock_inst/clear
    SLICE_X5Y107         FDRE                                         r  divisor_clock_inst/cont_reg[4]/R
  -------------------------------------------------------------------    -------------------

                         (clock clock_master rise edge)
                                                     10.000    10.000 r  
    E3                                                0.000    10.000 r  clk (IN)
                         net (fo=0)                   0.000    10.000    clk
    E3                   IBUF (Prop_ibuf_I_O)         1.411    11.411 r  clk_IBUF_inst/O
                         net (fo=1, routed)           1.920    13.331    clk_IBUF
    BUFGCTRL_X0Y16       BUFG (Prop_bufg_I_O)         0.091    13.422 r  clk_IBUF_BUFG_inst/O
                         net (fo=550, routed)         1.586    15.008    divisor_clock_inst/CLK
    SLICE_X5Y107         FDRE                                         r  divisor_clock_inst/cont_reg[4]/C
                         clock pessimism              0.276    15.284    
                         clock uncertainty           -0.035    15.249    
    SLICE_X5Y107         FDRE (Setup_fdre_C_R)       -0.604    14.645    divisor_clock_inst/cont_reg[4]
  -------------------------------------------------------------------
                         required time                         14.645    
                         arrival time                          -8.709    
  -------------------------------------------------------------------
                         slack                                  5.936    

Slack (MET) :             5.936ns  (required time - arrival time)
  Source:                 divisor_clock_inst/cont_reg[3]/C
                            (rising edge-triggered cell FDRE clocked by clock_master  {rise@0.000ns fall@5.000ns period=10.000ns})
  Destination:            divisor_clock_inst/cont_reg[5]/R
                            (rising edge-triggered cell FDRE clocked by clock_master  {rise@0.000ns fall@5.000ns period=10.000ns})
  Path Group:             clock_master
  Path Type:              Setup (Max at Slow Process Corner)
  Requirement:            10.000ns  (clock_master rise@10.000ns - clock_master rise@0.000ns)
  Data Path Delay:        3.399ns  (logic 1.694ns (49.838%)  route 1.705ns (50.162%))
  Logic Levels:           6  (CARRY4=5 LUT2=1)
  Clock Path Skew:        -0.026ns (DCD - SCD + CPR)
    Destination Clock Delay (DCD):    5.008ns = ( 15.008 - 10.000 ) 
    Source Clock Delay      (SCD):    5.310ns
    Clock Pessimism Removal (CPR):    0.276ns
  Clock Uncertainty:      0.035ns  ((TSJ^2 + TIJ^2)^1/2 + DJ) / 2 + PE
    Total System Jitter     (TSJ):    0.071ns
    Total Input Jitter      (TIJ):    0.000ns
    Discrete Jitter          (DJ):    0.000ns
    Phase Error              (PE):    0.000ns

    Location             Delay type                Incr(ns)  Path(ns)    Netlist Resource(s)
  -------------------------------------------------------------------    -------------------
                         (clock clock_master rise edge)
                                                      0.000     0.000 r  
    E3                                                0.000     0.000 r  clk (IN)
                         net (fo=0)                   0.000     0.000    clk
    E3                   IBUF (Prop_ibuf_I_O)         1.482     1.482 r  clk_IBUF_inst/O
                         net (fo=1, routed)           2.025     3.506    clk_IBUF
    BUFGCTRL_X0Y16       BUFG (Prop_bufg_I_O)         0.096     3.602 r  clk_IBUF_BUFG_inst/O
                         net (fo=550, routed)         1.708     5.310    divisor_clock_inst/CLK
    SLICE_X5Y106         FDRE                                         r  divisor_clock_inst/cont_reg[3]/C
  -------------------------------------------------------------------    -------------------
    SLICE_X5Y106         FDRE (Prop_fdre_C_Q)         0.456     5.766 r  divisor_clock_inst/cont_reg[3]/Q
                         net (fo=3, routed)           0.801     6.567    divisor_clock_inst/cont_reg[3]
    SLICE_X3Y108         LUT2 (Prop_lut2_I1_O)        0.124     6.691 r  divisor_clock_inst/cont1_carry_i_7/O
                         net (fo=1, routed)           0.000     6.691    divisor_clock_inst/cont1_carry_i_7_n_0
    SLICE_X3Y108         CARRY4 (Prop_carry4_S[1]_CO[3])
                                                      0.550     7.241 r  divisor_clock_inst/cont1_carry/CO[3]
                         net (fo=1, routed)           0.000     7.241    divisor_clock_inst/cont1_carry_n_0
    SLICE_X3Y109         CARRY4 (Prop_carry4_CI_CO[3])
                                                      0.114     7.355 r  divisor_clock_inst/cont1_carry__0/CO[3]
                         net (fo=1, routed)           0.000     7.355    divisor_clock_inst/cont1_carry__0_n_0
    SLICE_X3Y110         CARRY4 (Prop_carry4_CI_CO[3])
                                                      0.114     7.469 r  divisor_clock_inst/cont1_carry__1/CO[3]
                         net (fo=1, routed)           0.000     7.469    divisor_clock_inst/cont1_carry__1_n_0
    SLICE_X3Y111         CARRY4 (Prop_carry4_CI_CO[3])
                                                      0.114     7.583 r  divisor_clock_inst/cont1_carry__2/CO[3]
                         net (fo=1, routed)           0.000     7.583    divisor_clock_inst/cont1
    SLICE_X3Y112         CARRY4 (Prop_carry4_CI_O[0])
                                                      0.222     7.805 r  divisor_clock_inst/cont1_carry__3/O[0]
                         net (fo=32, routed)          0.904     8.709    divisor_clock_inst/clear
    SLICE_X5Y107         FDRE                                         r  divisor_clock_inst/cont_reg[5]/R
  -------------------------------------------------------------------    -------------------

                         (clock clock_master rise edge)
                                                     10.000    10.000 r  
    E3                                                0.000    10.000 r  clk (IN)
                         net (fo=0)                   0.000    10.000    clk
    E3                   IBUF (Prop_ibuf_I_O)         1.411    11.411 r  clk_IBUF_inst/O
                         net (fo=1, routed)           1.920    13.331    clk_IBUF
    BUFGCTRL_X0Y16       BUFG (Prop_bufg_I_O)         0.091    13.422 r  clk_IBUF_BUFG_inst/O
                         net (fo=550, routed)         1.586    15.008    divisor_clock_inst/CLK
    SLICE_X5Y107         FDRE                                         r  divisor_clock_inst/cont_reg[5]/C
                         clock pessimism              0.276    15.284    
                         clock uncertainty           -0.035    15.249    
    SLICE_X5Y107         FDRE (Setup_fdre_C_R)       -0.604    14.645    divisor_clock_inst/cont_reg[5]
  -------------------------------------------------------------------
                         required time                         14.645    
                         arrival time                          -8.709    
  -------------------------------------------------------------------
                         slack                                  5.936    

Slack (MET) :             5.936ns  (required time - arrival time)
  Source:                 divisor_clock_inst/cont_reg[3]/C
                            (rising edge-triggered cell FDRE clocked by clock_master  {rise@0.000ns fall@5.000ns period=10.000ns})
  Destination:            divisor_clock_inst/cont_reg[6]/R
                            (rising edge-triggered cell FDRE clocked by clock_master  {rise@0.000ns fall@5.000ns period=10.000ns})
  Path Group:             clock_master
  Path Type:              Setup (Max at Slow Process Corner)
  Requirement:            10.000ns  (clock_master rise@10.000ns - clock_master rise@0.000ns)
  Data Path Delay:        3.399ns  (logic 1.694ns (49.838%)  route 1.705ns (50.162%))
  Logic Levels:           6  (CARRY4=5 LUT2=1)
  Clock Path Skew:        -0.026ns (DCD - SCD + CPR)
    Destination Clock Delay (DCD):    5.008ns = ( 15.008 - 10.000 ) 
    Source Clock Delay      (SCD):    5.310ns
    Clock Pessimism Removal (CPR):    0.276ns
  Clock Uncertainty:      0.035ns  ((TSJ^2 + TIJ^2)^1/2 + DJ) / 2 + PE
    Total System Jitter     (TSJ):    0.071ns
    Total Input Jitter      (TIJ):    0.000ns
    Discrete Jitter          (DJ):    0.000ns
    Phase Error              (PE):    0.000ns

    Location             Delay type                Incr(ns)  Path(ns)    Netlist Resource(s)
  -------------------------------------------------------------------    -------------------
                         (clock clock_master rise edge)
                                                      0.000     0.000 r  
    E3                                                0.000     0.000 r  clk (IN)
                         net (fo=0)                   0.000     0.000    clk
    E3                   IBUF (Prop_ibuf_I_O)         1.482     1.482 r  clk_IBUF_inst/O
                         net (fo=1, routed)           2.025     3.506    clk_IBUF
    BUFGCTRL_X0Y16       BUFG (Prop_bufg_I_O)         0.096     3.602 r  clk_IBUF_BUFG_inst/O
                         net (fo=550, routed)         1.708     5.310    divisor_clock_inst/CLK
    SLICE_X5Y106         FDRE                                         r  divisor_clock_inst/cont_reg[3]/C
  -------------------------------------------------------------------    -------------------
    SLICE_X5Y106         FDRE (Prop_fdre_C_Q)         0.456     5.766 r  divisor_clock_inst/cont_reg[3]/Q
                         net (fo=3, routed)           0.801     6.567    divisor_clock_inst/cont_reg[3]
    SLICE_X3Y108         LUT2 (Prop_lut2_I1_O)        0.124     6.691 r  divisor_clock_inst/cont1_carry_i_7/O
                         net (fo=1, routed)           0.000     6.691    divisor_clock_inst/cont1_carry_i_7_n_0
    SLICE_X3Y108         CARRY4 (Prop_carry4_S[1]_CO[3])
                                                      0.550     7.241 r  divisor_clock_inst/cont1_carry/CO[3]
                         net (fo=1, routed)           0.000     7.241    divisor_clock_inst/cont1_carry_n_0
    SLICE_X3Y109         CARRY4 (Prop_carry4_CI_CO[3])
                                                      0.114     7.355 r  divisor_clock_inst/cont1_carry__0/CO[3]
                         net (fo=1, routed)           0.000     7.355    divisor_clock_inst/cont1_carry__0_n_0
    SLICE_X3Y110         CARRY4 (Prop_carry4_CI_CO[3])
                                                      0.114     7.469 r  divisor_clock_inst/cont1_carry__1/CO[3]
                         net (fo=1, routed)           0.000     7.469    divisor_clock_inst/cont1_carry__1_n_0
    SLICE_X3Y111         CARRY4 (Prop_carry4_CI_CO[3])
                                                      0.114     7.583 r  divisor_clock_inst/cont1_carry__2/CO[3]
                         net (fo=1, routed)           0.000     7.583    divisor_clock_inst/cont1
    SLICE_X3Y112         CARRY4 (Prop_carry4_CI_O[0])
                                                      0.222     7.805 r  divisor_clock_inst/cont1_carry__3/O[0]
                         net (fo=32, routed)          0.904     8.709    divisor_clock_inst/clear
    SLICE_X5Y107         FDRE                                         r  divisor_clock_inst/cont_reg[6]/R
  -------------------------------------------------------------------    -------------------

                         (clock clock_master rise edge)
                                                     10.000    10.000 r  
    E3                                                0.000    10.000 r  clk (IN)
                         net (fo=0)                   0.000    10.000    clk
    E3                   IBUF (Prop_ibuf_I_O)         1.411    11.411 r  clk_IBUF_inst/O
                         net (fo=1, routed)           1.920    13.331    clk_IBUF
    BUFGCTRL_X0Y16       BUFG (Prop_bufg_I_O)         0.091    13.422 r  clk_IBUF_BUFG_inst/O
                         net (fo=550, routed)         1.586    15.008    divisor_clock_inst/CLK
    SLICE_X5Y107         FDRE                                         r  divisor_clock_inst/cont_reg[6]/C
                         clock pessimism              0.276    15.284    
                         clock uncertainty           -0.035    15.249    
    SLICE_X5Y107         FDRE (Setup_fdre_C_R)       -0.604    14.645    divisor_clock_inst/cont_reg[6]
  -------------------------------------------------------------------
                         required time                         14.645    
                         arrival time                          -8.709    
  -------------------------------------------------------------------
                         slack                                  5.936    

Slack (MET) :             5.936ns  (required time - arrival time)
  Source:                 divisor_clock_inst/cont_reg[3]/C
                            (rising edge-triggered cell FDRE clocked by clock_master  {rise@0.000ns fall@5.000ns period=10.000ns})
  Destination:            divisor_clock_inst/cont_reg[7]/R
                            (rising edge-triggered cell FDRE clocked by clock_master  {rise@0.000ns fall@5.000ns period=10.000ns})
  Path Group:             clock_master
  Path Type:              Setup (Max at Slow Process Corner)
  Requirement:            10.000ns  (clock_master rise@10.000ns - clock_master rise@0.000ns)
  Data Path Delay:        3.399ns  (logic 1.694ns (49.838%)  route 1.705ns (50.162%))
  Logic Levels:           6  (CARRY4=5 LUT2=1)
  Clock Path Skew:        -0.026ns (DCD - SCD + CPR)
    Destination Clock Delay (DCD):    5.008ns = ( 15.008 - 10.000 ) 
    Source Clock Delay      (SCD):    5.310ns
    Clock Pessimism Removal (CPR):    0.276ns
  Clock Uncertainty:      0.035ns  ((TSJ^2 + TIJ^2)^1/2 + DJ) / 2 + PE
    Total System Jitter     (TSJ):    0.071ns
    Total Input Jitter      (TIJ):    0.000ns
    Discrete Jitter          (DJ):    0.000ns
    Phase Error              (PE):    0.000ns

    Location             Delay type                Incr(ns)  Path(ns)    Netlist Resource(s)
  -------------------------------------------------------------------    -------------------
                         (clock clock_master rise edge)
                                                      0.000     0.000 r  
    E3                                                0.000     0.000 r  clk (IN)
                         net (fo=0)                   0.000     0.000    clk
    E3                   IBUF (Prop_ibuf_I_O)         1.482     1.482 r  clk_IBUF_inst/O
                         net (fo=1, routed)           2.025     3.506    clk_IBUF
    BUFGCTRL_X0Y16       BUFG (Prop_bufg_I_O)         0.096     3.602 r  clk_IBUF_BUFG_inst/O
                         net (fo=550, routed)         1.708     5.310    divisor_clock_inst/CLK
    SLICE_X5Y106         FDRE                                         r  divisor_clock_inst/cont_reg[3]/C
  -------------------------------------------------------------------    -------------------
    SLICE_X5Y106         FDRE (Prop_fdre_C_Q)         0.456     5.766 r  divisor_clock_inst/cont_reg[3]/Q
                         net (fo=3, routed)           0.801     6.567    divisor_clock_inst/cont_reg[3]
    SLICE_X3Y108         LUT2 (Prop_lut2_I1_O)        0.124     6.691 r  divisor_clock_inst/cont1_carry_i_7/O
                         net (fo=1, routed)           0.000     6.691    divisor_clock_inst/cont1_carry_i_7_n_0
    SLICE_X3Y108         CARRY4 (Prop_carry4_S[1]_CO[3])
                                                      0.550     7.241 r  divisor_clock_inst/cont1_carry/CO[3]
                         net (fo=1, routed)           0.000     7.241    divisor_clock_inst/cont1_carry_n_0
    SLICE_X3Y109         CARRY4 (Prop_carry4_CI_CO[3])
                                                      0.114     7.355 r  divisor_clock_inst/cont1_carry__0/CO[3]
                         net (fo=1, routed)           0.000     7.355    divisor_clock_inst/cont1_carry__0_n_0
    SLICE_X3Y110         CARRY4 (Prop_carry4_CI_CO[3])
                                                      0.114     7.469 r  divisor_clock_inst/cont1_carry__1/CO[3]
                         net (fo=1, routed)           0.000     7.469    divisor_clock_inst/cont1_carry__1_n_0
    SLICE_X3Y111         CARRY4 (Prop_carry4_CI_CO[3])
                                                      0.114     7.583 r  divisor_clock_inst/cont1_carry__2/CO[3]
                         net (fo=1, routed)           0.000     7.583    divisor_clock_inst/cont1
    SLICE_X3Y112         CARRY4 (Prop_carry4_CI_O[0])
                                                      0.222     7.805 r  divisor_clock_inst/cont1_carry__3/O[0]
                         net (fo=32, routed)          0.904     8.709    divisor_clock_inst/clear
    SLICE_X5Y107         FDRE                                         r  divisor_clock_inst/cont_reg[7]/R
  -------------------------------------------------------------------    -------------------

                         (clock clock_master rise edge)
                                                     10.000    10.000 r  
    E3                                                0.000    10.000 r  clk (IN)
                         net (fo=0)                   0.000    10.000    clk
    E3                   IBUF (Prop_ibuf_I_O)         1.411    11.411 r  clk_IBUF_inst/O
                         net (fo=1, routed)           1.920    13.331    clk_IBUF
    BUFGCTRL_X0Y16       BUFG (Prop_bufg_I_O)         0.091    13.422 r  clk_IBUF_BUFG_inst/O
                         net (fo=550, routed)         1.586    15.008    divisor_clock_inst/CLK
    SLICE_X5Y107         FDRE                                         r  divisor_clock_inst/cont_reg[7]/C
                         clock pessimism              0.276    15.284    
                         clock uncertainty           -0.035    15.249    
    SLICE_X5Y107         FDRE (Setup_fdre_C_R)       -0.604    14.645    divisor_clock_inst/cont_reg[7]
  -------------------------------------------------------------------
                         required time                         14.645    
                         arrival time                          -8.709    
  -------------------------------------------------------------------
                         slack                                  5.936    

Slack (MET) :             5.985ns  (required time - arrival time)
  Source:                 divisor_clock_inst/cont_reg[3]/C
                            (rising edge-triggered cell FDRE clocked by clock_master  {rise@0.000ns fall@5.000ns period=10.000ns})
  Destination:            divisor_clock_inst/cont_reg[10]/R
                            (rising edge-triggered cell FDRE clocked by clock_master  {rise@0.000ns fall@5.000ns period=10.000ns})
  Path Group:             clock_master
  Path Type:              Setup (Max at Slow Process Corner)
  Requirement:            10.000ns  (clock_master rise@10.000ns - clock_master rise@0.000ns)
  Data Path Delay:        3.350ns  (logic 1.694ns (50.567%)  route 1.656ns (49.433%))
  Logic Levels:           6  (CARRY4=5 LUT2=1)
  Clock Path Skew:        -0.026ns (DCD - SCD + CPR)
    Destination Clock Delay (DCD):    5.008ns = ( 15.008 - 10.000 ) 
    Source Clock Delay      (SCD):    5.310ns
    Clock Pessimism Removal (CPR):    0.276ns
  Clock Uncertainty:      0.035ns  ((TSJ^2 + TIJ^2)^1/2 + DJ) / 2 + PE
    Total System Jitter     (TSJ):    0.071ns
    Total Input Jitter      (TIJ):    0.000ns
    Discrete Jitter          (DJ):    0.000ns
    Phase Error              (PE):    0.000ns

    Location             Delay type                Incr(ns)  Path(ns)    Netlist Resource(s)
  -------------------------------------------------------------------    -------------------
                         (clock clock_master rise edge)
                                                      0.000     0.000 r  
    E3                                                0.000     0.000 r  clk (IN)
                         net (fo=0)                   0.000     0.000    clk
    E3                   IBUF (Prop_ibuf_I_O)         1.482     1.482 r  clk_IBUF_inst/O
                         net (fo=1, routed)           2.025     3.506    clk_IBUF
    BUFGCTRL_X0Y16       BUFG (Prop_bufg_I_O)         0.096     3.602 r  clk_IBUF_BUFG_inst/O
                         net (fo=550, routed)         1.708     5.310    divisor_clock_inst/CLK
    SLICE_X5Y106         FDRE                                         r  divisor_clock_inst/cont_reg[3]/C
  -------------------------------------------------------------------    -------------------
    SLICE_X5Y106         FDRE (Prop_fdre_C_Q)         0.456     5.766 r  divisor_clock_inst/cont_reg[3]/Q
                         net (fo=3, routed)           0.801     6.567    divisor_clock_inst/cont_reg[3]
    SLICE_X3Y108         LUT2 (Prop_lut2_I1_O)        0.124     6.691 r  divisor_clock_inst/cont1_carry_i_7/O
                         net (fo=1, routed)           0.000     6.691    divisor_clock_inst/cont1_carry_i_7_n_0
    SLICE_X3Y108         CARRY4 (Prop_carry4_S[1]_CO[3])
                                                      0.550     7.241 r  divisor_clock_inst/cont1_carry/CO[3]
                         net (fo=1, routed)           0.000     7.241    divisor_clock_inst/cont1_carry_n_0
    SLICE_X3Y109         CARRY4 (Prop_carry4_CI_CO[3])
                                                      0.114     7.355 r  divisor_clock_inst/cont1_carry__0/CO[3]
                         net (fo=1, routed)           0.000     7.355    divisor_clock_inst/cont1_carry__0_n_0
    SLICE_X3Y110         CARRY4 (Prop_carry4_CI_CO[3])
                                                      0.114     7.469 r  divisor_clock_inst/cont1_carry__1/CO[3]
                         net (fo=1, routed)           0.000     7.469    divisor_clock_inst/cont1_carry__1_n_0
    SLICE_X3Y111         CARRY4 (Prop_carry4_CI_CO[3])
                                                      0.114     7.583 r  divisor_clock_inst/cont1_carry__2/CO[3]
                         net (fo=1, routed)           0.000     7.583    divisor_clock_inst/cont1
    SLICE_X3Y112         CARRY4 (Prop_carry4_CI_O[0])
                                                      0.222     7.805 r  divisor_clock_inst/cont1_carry__3/O[0]
                         net (fo=32, routed)          0.855     8.660    divisor_clock_inst/clear
    SLICE_X5Y108         FDRE                                         r  divisor_clock_inst/cont_reg[10]/R
  -------------------------------------------------------------------    -------------------

                         (clock clock_master rise edge)
                                                     10.000    10.000 r  
    E3                                                0.000    10.000 r  clk (IN)
                         net (fo=0)                   0.000    10.000    clk
    E3                   IBUF (Prop_ibuf_I_O)         1.411    11.411 r  clk_IBUF_inst/O
                         net (fo=1, routed)           1.920    13.331    clk_IBUF
    BUFGCTRL_X0Y16       BUFG (Prop_bufg_I_O)         0.091    13.422 r  clk_IBUF_BUFG_inst/O
                         net (fo=550, routed)         1.586    15.008    divisor_clock_inst/CLK
    SLICE_X5Y108         FDRE                                         r  divisor_clock_inst/cont_reg[10]/C
                         clock pessimism              0.276    15.284    
                         clock uncertainty           -0.035    15.249    
    SLICE_X5Y108         FDRE (Setup_fdre_C_R)       -0.604    14.645    divisor_clock_inst/cont_reg[10]
  -------------------------------------------------------------------
                         required time                         14.645    
                         arrival time                          -8.660    
  -------------------------------------------------------------------
                         slack                                  5.985    

Slack (MET) :             5.985ns  (required time - arrival time)
  Source:                 divisor_clock_inst/cont_reg[3]/C
                            (rising edge-triggered cell FDRE clocked by clock_master  {rise@0.000ns fall@5.000ns period=10.000ns})
  Destination:            divisor_clock_inst/cont_reg[11]/R
                            (rising edge-triggered cell FDRE clocked by clock_master  {rise@0.000ns fall@5.000ns period=10.000ns})
  Path Group:             clock_master
  Path Type:              Setup (Max at Slow Process Corner)
  Requirement:            10.000ns  (clock_master rise@10.000ns - clock_master rise@0.000ns)
  Data Path Delay:        3.350ns  (logic 1.694ns (50.567%)  route 1.656ns (49.433%))
  Logic Levels:           6  (CARRY4=5 LUT2=1)
  Clock Path Skew:        -0.026ns (DCD - SCD + CPR)
    Destination Clock Delay (DCD):    5.008ns = ( 15.008 - 10.000 ) 
    Source Clock Delay      (SCD):    5.310ns
    Clock Pessimism Removal (CPR):    0.276ns
  Clock Uncertainty:      0.035ns  ((TSJ^2 + TIJ^2)^1/2 + DJ) / 2 + PE
    Total System Jitter     (TSJ):    0.071ns
    Total Input Jitter      (TIJ):    0.000ns
    Discrete Jitter          (DJ):    0.000ns
    Phase Error              (PE):    0.000ns

    Location             Delay type                Incr(ns)  Path(ns)    Netlist Resource(s)
  -------------------------------------------------------------------    -------------------
                         (clock clock_master rise edge)
                                                      0.000     0.000 r  
    E3                                                0.000     0.000 r  clk (IN)
                         net (fo=0)                   0.000     0.000    clk
    E3                   IBUF (Prop_ibuf_I_O)         1.482     1.482 r  clk_IBUF_inst/O
                         net (fo=1, routed)           2.025     3.506    clk_IBUF
    BUFGCTRL_X0Y16       BUFG (Prop_bufg_I_O)         0.096     3.602 r  clk_IBUF_BUFG_inst/O
                         net (fo=550, routed)         1.708     5.310    divisor_clock_inst/CLK
    SLICE_X5Y106         FDRE                                         r  divisor_clock_inst/cont_reg[3]/C
  -------------------------------------------------------------------    -------------------
    SLICE_X5Y106         FDRE (Prop_fdre_C_Q)         0.456     5.766 r  divisor_clock_inst/cont_reg[3]/Q
                         net (fo=3, routed)           0.801     6.567    divisor_clock_inst/cont_reg[3]
    SLICE_X3Y108         LUT2 (Prop_lut2_I1_O)        0.124     6.691 r  divisor_clock_inst/cont1_carry_i_7/O
                         net (fo=1, routed)           0.000     6.691    divisor_clock_inst/cont1_carry_i_7_n_0
    SLICE_X3Y108         CARRY4 (Prop_carry4_S[1]_CO[3])
                                                      0.550     7.241 r  divisor_clock_inst/cont1_carry/CO[3]
                         net (fo=1, routed)           0.000     7.241    divisor_clock_inst/cont1_carry_n_0
    SLICE_X3Y109         CARRY4 (Prop_carry4_CI_CO[3])
                                                      0.114     7.355 r  divisor_clock_inst/cont1_carry__0/CO[3]
                         net (fo=1, routed)           0.000     7.355    divisor_clock_inst/cont1_carry__0_n_0
    SLICE_X3Y110         CARRY4 (Prop_carry4_CI_CO[3])
                                                      0.114     7.469 r  divisor_clock_inst/cont1_carry__1/CO[3]
                         net (fo=1, routed)           0.000     7.469    divisor_clock_inst/cont1_carry__1_n_0
    SLICE_X3Y111         CARRY4 (Prop_carry4_CI_CO[3])
                                                      0.114     7.583 r  divisor_clock_inst/cont1_carry__2/CO[3]
                         net (fo=1, routed)           0.000     7.583    divisor_clock_inst/cont1
    SLICE_X3Y112         CARRY4 (Prop_carry4_CI_O[0])
                                                      0.222     7.805 r  divisor_clock_inst/cont1_carry__3/O[0]
                         net (fo=32, routed)          0.855     8.660    divisor_clock_inst/clear
    SLICE_X5Y108         FDRE                                         r  divisor_clock_inst/cont_reg[11]/R
  -------------------------------------------------------------------    -------------------

                         (clock clock_master rise edge)
                                                     10.000    10.000 r  
    E3                                                0.000    10.000 r  clk (IN)
                         net (fo=0)                   0.000    10.000    clk
    E3                   IBUF (Prop_ibuf_I_O)         1.411    11.411 r  clk_IBUF_inst/O
                         net (fo=1, routed)           1.920    13.331    clk_IBUF
    BUFGCTRL_X0Y16       BUFG (Prop_bufg_I_O)         0.091    13.422 r  clk_IBUF_BUFG_inst/O
                         net (fo=550, routed)         1.586    15.008    divisor_clock_inst/CLK
    SLICE_X5Y108         FDRE                                         r  divisor_clock_inst/cont_reg[11]/C
                         clock pessimism              0.276    15.284    
                         clock uncertainty           -0.035    15.249    
    SLICE_X5Y108         FDRE (Setup_fdre_C_R)       -0.604    14.645    divisor_clock_inst/cont_reg[11]
  -------------------------------------------------------------------
                         required time                         14.645    
                         arrival time                          -8.660    
  -------------------------------------------------------------------
                         slack                                  5.985    

Slack (MET) :             5.985ns  (required time - arrival time)
  Source:                 divisor_clock_inst/cont_reg[3]/C
                            (rising edge-triggered cell FDRE clocked by clock_master  {rise@0.000ns fall@5.000ns period=10.000ns})
  Destination:            divisor_clock_inst/cont_reg[8]/R
                            (rising edge-triggered cell FDRE clocked by clock_master  {rise@0.000ns fall@5.000ns period=10.000ns})
  Path Group:             clock_master
  Path Type:              Setup (Max at Slow Process Corner)
  Requirement:            10.000ns  (clock_master rise@10.000ns - clock_master rise@0.000ns)
  Data Path Delay:        3.350ns  (logic 1.694ns (50.567%)  route 1.656ns (49.433%))
  Logic Levels:           6  (CARRY4=5 LUT2=1)
  Clock Path Skew:        -0.026ns (DCD - SCD + CPR)
    Destination Clock Delay (DCD):    5.008ns = ( 15.008 - 10.000 ) 
    Source Clock Delay      (SCD):    5.310ns
    Clock Pessimism Removal (CPR):    0.276ns
  Clock Uncertainty:      0.035ns  ((TSJ^2 + TIJ^2)^1/2 + DJ) / 2 + PE
    Total System Jitter     (TSJ):    0.071ns
    Total Input Jitter      (TIJ):    0.000ns
    Discrete Jitter          (DJ):    0.000ns
    Phase Error              (PE):    0.000ns

    Location             Delay type                Incr(ns)  Path(ns)    Netlist Resource(s)
  -------------------------------------------------------------------    -------------------
                         (clock clock_master rise edge)
                                                      0.000     0.000 r  
    E3                                                0.000     0.000 r  clk (IN)
                         net (fo=0)                   0.000     0.000    clk
    E3                   IBUF (Prop_ibuf_I_O)         1.482     1.482 r  clk_IBUF_inst/O
                         net (fo=1, routed)           2.025     3.506    clk_IBUF
    BUFGCTRL_X0Y16       BUFG (Prop_bufg_I_O)         0.096     3.602 r  clk_IBUF_BUFG_inst/O
                         net (fo=550, routed)         1.708     5.310    divisor_clock_inst/CLK
    SLICE_X5Y106         FDRE                                         r  divisor_clock_inst/cont_reg[3]/C
  -------------------------------------------------------------------    -------------------
    SLICE_X5Y106         FDRE (Prop_fdre_C_Q)         0.456     5.766 r  divisor_clock_inst/cont_reg[3]/Q
                         net (fo=3, routed)           0.801     6.567    divisor_clock_inst/cont_reg[3]
    SLICE_X3Y108         LUT2 (Prop_lut2_I1_O)        0.124     6.691 r  divisor_clock_inst/cont1_carry_i_7/O
                         net (fo=1, routed)           0.000     6.691    divisor_clock_inst/cont1_carry_i_7_n_0
    SLICE_X3Y108         CARRY4 (Prop_carry4_S[1]_CO[3])
                                                      0.550     7.241 r  divisor_clock_inst/cont1_carry/CO[3]
                         net (fo=1, routed)           0.000     7.241    divisor_clock_inst/cont1_carry_n_0
    SLICE_X3Y109         CARRY4 (Prop_carry4_CI_CO[3])
                                                      0.114     7.355 r  divisor_clock_inst/cont1_carry__0/CO[3]
                         net (fo=1, routed)           0.000     7.355    divisor_clock_inst/cont1_carry__0_n_0
    SLICE_X3Y110         CARRY4 (Prop_carry4_CI_CO[3])
                                                      0.114     7.469 r  divisor_clock_inst/cont1_carry__1/CO[3]
                         net (fo=1, routed)           0.000     7.469    divisor_clock_inst/cont1_carry__1_n_0
    SLICE_X3Y111         CARRY4 (Prop_carry4_CI_CO[3])
                                                      0.114     7.583 r  divisor_clock_inst/cont1_carry__2/CO[3]
                         net (fo=1, routed)           0.000     7.583    divisor_clock_inst/cont1
    SLICE_X3Y112         CARRY4 (Prop_carry4_CI_O[0])
                                                      0.222     7.805 r  divisor_clock_inst/cont1_carry__3/O[0]
                         net (fo=32, routed)          0.855     8.660    divisor_clock_inst/clear
    SLICE_X5Y108         FDRE                                         r  divisor_clock_inst/cont_reg[8]/R
  -------------------------------------------------------------------    -------------------

                         (clock clock_master rise edge)
                                                     10.000    10.000 r  
    E3                                                0.000    10.000 r  clk (IN)
                         net (fo=0)                   0.000    10.000    clk
    E3                   IBUF (Prop_ibuf_I_O)         1.411    11.411 r  clk_IBUF_inst/O
                         net (fo=1, routed)           1.920    13.331    clk_IBUF
    BUFGCTRL_X0Y16       BUFG (Prop_bufg_I_O)         0.091    13.422 r  clk_IBUF_BUFG_inst/O
                         net (fo=550, routed)         1.586    15.008    divisor_clock_inst/CLK
    SLICE_X5Y108         FDRE                                         r  divisor_clock_inst/cont_reg[8]/C
                         clock pessimism              0.276    15.284    
                         clock uncertainty           -0.035    15.249    
    SLICE_X5Y108         FDRE (Setup_fdre_C_R)       -0.604    14.645    divisor_clock_inst/cont_reg[8]
  -------------------------------------------------------------------
                         required time                         14.645    
                         arrival time                          -8.660    
  -------------------------------------------------------------------
                         slack                                  5.985    

Slack (MET) :             5.985ns  (required time - arrival time)
  Source:                 divisor_clock_inst/cont_reg[3]/C
                            (rising edge-triggered cell FDRE clocked by clock_master  {rise@0.000ns fall@5.000ns period=10.000ns})
  Destination:            divisor_clock_inst/cont_reg[9]/R
                            (rising edge-triggered cell FDRE clocked by clock_master  {rise@0.000ns fall@5.000ns period=10.000ns})
  Path Group:             clock_master
  Path Type:              Setup (Max at Slow Process Corner)
  Requirement:            10.000ns  (clock_master rise@10.000ns - clock_master rise@0.000ns)
  Data Path Delay:        3.350ns  (logic 1.694ns (50.567%)  route 1.656ns (49.433%))
  Logic Levels:           6  (CARRY4=5 LUT2=1)
  Clock Path Skew:        -0.026ns (DCD - SCD + CPR)
    Destination Clock Delay (DCD):    5.008ns = ( 15.008 - 10.000 ) 
    Source Clock Delay      (SCD):    5.310ns
    Clock Pessimism Removal (CPR):    0.276ns
  Clock Uncertainty:      0.035ns  ((TSJ^2 + TIJ^2)^1/2 + DJ) / 2 + PE
    Total System Jitter     (TSJ):    0.071ns
    Total Input Jitter      (TIJ):    0.000ns
    Discrete Jitter          (DJ):    0.000ns
    Phase Error              (PE):    0.000ns

    Location             Delay type                Incr(ns)  Path(ns)    Netlist Resource(s)
  -------------------------------------------------------------------    -------------------
                         (clock clock_master rise edge)
                                                      0.000     0.000 r  
    E3                                                0.000     0.000 r  clk (IN)
                         net (fo=0)                   0.000     0.000    clk
    E3                   IBUF (Prop_ibuf_I_O)         1.482     1.482 r  clk_IBUF_inst/O
                         net (fo=1, routed)           2.025     3.506    clk_IBUF
    BUFGCTRL_X0Y16       BUFG (Prop_bufg_I_O)         0.096     3.602 r  clk_IBUF_BUFG_inst/O
                         net (fo=550, routed)         1.708     5.310    divisor_clock_inst/CLK
    SLICE_X5Y106         FDRE                                         r  divisor_clock_inst/cont_reg[3]/C
  -------------------------------------------------------------------    -------------------
    SLICE_X5Y106         FDRE (Prop_fdre_C_Q)         0.456     5.766 r  divisor_clock_inst/cont_reg[3]/Q
                         net (fo=3, routed)           0.801     6.567    divisor_clock_inst/cont_reg[3]
    SLICE_X3Y108         LUT2 (Prop_lut2_I1_O)        0.124     6.691 r  divisor_clock_inst/cont1_carry_i_7/O
                         net (fo=1, routed)           0.000     6.691    divisor_clock_inst/cont1_carry_i_7_n_0
    SLICE_X3Y108         CARRY4 (Prop_carry4_S[1]_CO[3])
                                                      0.550     7.241 r  divisor_clock_inst/cont1_carry/CO[3]
                         net (fo=1, routed)           0.000     7.241    divisor_clock_inst/cont1_carry_n_0
    SLICE_X3Y109         CARRY4 (Prop_carry4_CI_CO[3])
                                                      0.114     7.355 r  divisor_clock_inst/cont1_carry__0/CO[3]
                         net (fo=1, routed)           0.000     7.355    divisor_clock_inst/cont1_carry__0_n_0
    SLICE_X3Y110         CARRY4 (Prop_carry4_CI_CO[3])
                                                      0.114     7.469 r  divisor_clock_inst/cont1_carry__1/CO[3]
                         net (fo=1, routed)           0.000     7.469    divisor_clock_inst/cont1_carry__1_n_0
    SLICE_X3Y111         CARRY4 (Prop_carry4_CI_CO[3])
                                                      0.114     7.583 r  divisor_clock_inst/cont1_carry__2/CO[3]
                         net (fo=1, routed)           0.000     7.583    divisor_clock_inst/cont1
    SLICE_X3Y112         CARRY4 (Prop_carry4_CI_O[0])
                                                      0.222     7.805 r  divisor_clock_inst/cont1_carry__3/O[0]
                         net (fo=32, routed)          0.855     8.660    divisor_clock_inst/clear
    SLICE_X5Y108         FDRE                                         r  divisor_clock_inst/cont_reg[9]/R
  -------------------------------------------------------------------    -------------------

                         (clock clock_master rise edge)
                                                     10.000    10.000 r  
    E3                                                0.000    10.000 r  clk (IN)
                         net (fo=0)                   0.000    10.000    clk
    E3                   IBUF (Prop_ibuf_I_O)         1.411    11.411 r  clk_IBUF_inst/O
                         net (fo=1, routed)           1.920    13.331    clk_IBUF
    BUFGCTRL_X0Y16       BUFG (Prop_bufg_I_O)         0.091    13.422 r  clk_IBUF_BUFG_inst/O
                         net (fo=550, routed)         1.586    15.008    divisor_clock_inst/CLK
    SLICE_X5Y108         FDRE                                         r  divisor_clock_inst/cont_reg[9]/C
                         clock pessimism              0.276    15.284    
                         clock uncertainty           -0.035    15.249    
    SLICE_X5Y108         FDRE (Setup_fdre_C_R)       -0.604    14.645    divisor_clock_inst/cont_reg[9]
  -------------------------------------------------------------------
                         required time                         14.645    
                         arrival time                          -8.660    
  -------------------------------------------------------------------
                         slack                                  5.985    

Slack (MET) :             6.085ns  (required time - arrival time)
  Source:                 divisor_clock_inst/cont_reg[3]/C
                            (rising edge-triggered cell FDRE clocked by clock_master  {rise@0.000ns fall@5.000ns period=10.000ns})
  Destination:            divisor_clock_inst/cont_reg[12]/R
                            (rising edge-triggered cell FDRE clocked by clock_master  {rise@0.000ns fall@5.000ns period=10.000ns})
  Path Group:             clock_master
  Path Type:              Setup (Max at Slow Process Corner)
  Requirement:            10.000ns  (clock_master rise@10.000ns - clock_master rise@0.000ns)
  Data Path Delay:        3.249ns  (logic 1.694ns (52.141%)  route 1.555ns (47.859%))
  Logic Levels:           6  (CARRY4=5 LUT2=1)
  Clock Path Skew:        -0.027ns (DCD - SCD + CPR)
    Destination Clock Delay (DCD):    5.007ns = ( 15.007 - 10.000 ) 
    Source Clock Delay      (SCD):    5.310ns
    Clock Pessimism Removal (CPR):    0.276ns
  Clock Uncertainty:      0.035ns  ((TSJ^2 + TIJ^2)^1/2 + DJ) / 2 + PE
    Total System Jitter     (TSJ):    0.071ns
    Total Input Jitter      (TIJ):    0.000ns
    Discrete Jitter          (DJ):    0.000ns
    Phase Error              (PE):    0.000ns

    Location             Delay type                Incr(ns)  Path(ns)    Netlist Resource(s)
  -------------------------------------------------------------------    -------------------
                         (clock clock_master rise edge)
                                                      0.000     0.000 r  
    E3                                                0.000     0.000 r  clk (IN)
                         net (fo=0)                   0.000     0.000    clk
    E3                   IBUF (Prop_ibuf_I_O)         1.482     1.482 r  clk_IBUF_inst/O
                         net (fo=1, routed)           2.025     3.506    clk_IBUF
    BUFGCTRL_X0Y16       BUFG (Prop_bufg_I_O)         0.096     3.602 r  clk_IBUF_BUFG_inst/O
                         net (fo=550, routed)         1.708     5.310    divisor_clock_inst/CLK
    SLICE_X5Y106         FDRE                                         r  divisor_clock_inst/cont_reg[3]/C
  -------------------------------------------------------------------    -------------------
    SLICE_X5Y106         FDRE (Prop_fdre_C_Q)         0.456     5.766 r  divisor_clock_inst/cont_reg[3]/Q
                         net (fo=3, routed)           0.801     6.567    divisor_clock_inst/cont_reg[3]
    SLICE_X3Y108         LUT2 (Prop_lut2_I1_O)        0.124     6.691 r  divisor_clock_inst/cont1_carry_i_7/O
                         net (fo=1, routed)           0.000     6.691    divisor_clock_inst/cont1_carry_i_7_n_0
    SLICE_X3Y108         CARRY4 (Prop_carry4_S[1]_CO[3])
                                                      0.550     7.241 r  divisor_clock_inst/cont1_carry/CO[3]
                         net (fo=1, routed)           0.000     7.241    divisor_clock_inst/cont1_carry_n_0
    SLICE_X3Y109         CARRY4 (Prop_carry4_CI_CO[3])
                                                      0.114     7.355 r  divisor_clock_inst/cont1_carry__0/CO[3]
                         net (fo=1, routed)           0.000     7.355    divisor_clock_inst/cont1_carry__0_n_0
    SLICE_X3Y110         CARRY4 (Prop_carry4_CI_CO[3])
                                                      0.114     7.469 r  divisor_clock_inst/cont1_carry__1/CO[3]
                         net (fo=1, routed)           0.000     7.469    divisor_clock_inst/cont1_carry__1_n_0
    SLICE_X3Y111         CARRY4 (Prop_carry4_CI_CO[3])
                                                      0.114     7.583 r  divisor_clock_inst/cont1_carry__2/CO[3]
                         net (fo=1, routed)           0.000     7.583    divisor_clock_inst/cont1
    SLICE_X3Y112         CARRY4 (Prop_carry4_CI_O[0])
                                                      0.222     7.805 r  divisor_clock_inst/cont1_carry__3/O[0]
                         net (fo=32, routed)          0.754     8.559    divisor_clock_inst/clear
    SLICE_X5Y109         FDRE                                         r  divisor_clock_inst/cont_reg[12]/R
  -------------------------------------------------------------------    -------------------

                         (clock clock_master rise edge)
                                                     10.000    10.000 r  
    E3                                                0.000    10.000 r  clk (IN)
                         net (fo=0)                   0.000    10.000    clk
    E3                   IBUF (Prop_ibuf_I_O)         1.411    11.411 r  clk_IBUF_inst/O
                         net (fo=1, routed)           1.920    13.331    clk_IBUF
    BUFGCTRL_X0Y16       BUFG (Prop_bufg_I_O)         0.091    13.422 r  clk_IBUF_BUFG_inst/O
                         net (fo=550, routed)         1.585    15.007    divisor_clock_inst/CLK
    SLICE_X5Y109         FDRE                                         r  divisor_clock_inst/cont_reg[12]/C
                         clock pessimism              0.276    15.283    
                         clock uncertainty           -0.035    15.248    
    SLICE_X5Y109         FDRE (Setup_fdre_C_R)       -0.604    14.644    divisor_clock_inst/cont_reg[12]
  -------------------------------------------------------------------
                         required time                         14.644    
                         arrival time                          -8.559    
  -------------------------------------------------------------------
                         slack                                  6.085    

Slack (MET) :             6.085ns  (required time - arrival time)
  Source:                 divisor_clock_inst/cont_reg[3]/C
                            (rising edge-triggered cell FDRE clocked by clock_master  {rise@0.000ns fall@5.000ns period=10.000ns})
  Destination:            divisor_clock_inst/cont_reg[13]/R
                            (rising edge-triggered cell FDRE clocked by clock_master  {rise@0.000ns fall@5.000ns period=10.000ns})
  Path Group:             clock_master
  Path Type:              Setup (Max at Slow Process Corner)
  Requirement:            10.000ns  (clock_master rise@10.000ns - clock_master rise@0.000ns)
  Data Path Delay:        3.249ns  (logic 1.694ns (52.141%)  route 1.555ns (47.859%))
  Logic Levels:           6  (CARRY4=5 LUT2=1)
  Clock Path Skew:        -0.027ns (DCD - SCD + CPR)
    Destination Clock Delay (DCD):    5.007ns = ( 15.007 - 10.000 ) 
    Source Clock Delay      (SCD):    5.310ns
    Clock Pessimism Removal (CPR):    0.276ns
  Clock Uncertainty:      0.035ns  ((TSJ^2 + TIJ^2)^1/2 + DJ) / 2 + PE
    Total System Jitter     (TSJ):    0.071ns
    Total Input Jitter      (TIJ):    0.000ns
    Discrete Jitter          (DJ):    0.000ns
    Phase Error              (PE):    0.000ns

    Location             Delay type                Incr(ns)  Path(ns)    Netlist Resource(s)
  -------------------------------------------------------------------    -------------------
                         (clock clock_master rise edge)
                                                      0.000     0.000 r  
    E3                                                0.000     0.000 r  clk (IN)
                         net (fo=0)                   0.000     0.000    clk
    E3                   IBUF (Prop_ibuf_I_O)         1.482     1.482 r  clk_IBUF_inst/O
                         net (fo=1, routed)           2.025     3.506    clk_IBUF
    BUFGCTRL_X0Y16       BUFG (Prop_bufg_I_O)         0.096     3.602 r  clk_IBUF_BUFG_inst/O
                         net (fo=550, routed)         1.708     5.310    divisor_clock_inst/CLK
    SLICE_X5Y106         FDRE                                         r  divisor_clock_inst/cont_reg[3]/C
  -------------------------------------------------------------------    -------------------
    SLICE_X5Y106         FDRE (Prop_fdre_C_Q)         0.456     5.766 r  divisor_clock_inst/cont_reg[3]/Q
                         net (fo=3, routed)           0.801     6.567    divisor_clock_inst/cont_reg[3]
    SLICE_X3Y108         LUT2 (Prop_lut2_I1_O)        0.124     6.691 r  divisor_clock_inst/cont1_carry_i_7/O
                         net (fo=1, routed)           0.000     6.691    divisor_clock_inst/cont1_carry_i_7_n_0
    SLICE_X3Y108         CARRY4 (Prop_carry4_S[1]_CO[3])
                                                      0.550     7.241 r  divisor_clock_inst/cont1_carry/CO[3]
                         net (fo=1, routed)           0.000     7.241    divisor_clock_inst/cont1_carry_n_0
    SLICE_X3Y109         CARRY4 (Prop_carry4_CI_CO[3])
                                                      0.114     7.355 r  divisor_clock_inst/cont1_carry__0/CO[3]
                         net (fo=1, routed)           0.000     7.355    divisor_clock_inst/cont1_carry__0_n_0
    SLICE_X3Y110         CARRY4 (Prop_carry4_CI_CO[3])
                                                      0.114     7.469 r  divisor_clock_inst/cont1_carry__1/CO[3]
                         net (fo=1, routed)           0.000     7.469    divisor_clock_inst/cont1_carry__1_n_0
    SLICE_X3Y111         CARRY4 (Prop_carry4_CI_CO[3])
                                                      0.114     7.583 r  divisor_clock_inst/cont1_carry__2/CO[3]
                         net (fo=1, routed)           0.000     7.583    divisor_clock_inst/cont1
    SLICE_X3Y112         CARRY4 (Prop_carry4_CI_O[0])
                                                      0.222     7.805 r  divisor_clock_inst/cont1_carry__3/O[0]
                         net (fo=32, routed)          0.754     8.559    divisor_clock_inst/clear
    SLICE_X5Y109         FDRE                                         r  divisor_clock_inst/cont_reg[13]/R
  -------------------------------------------------------------------    -------------------

                         (clock clock_master rise edge)
                                                     10.000    10.000 r  
    E3                                                0.000    10.000 r  clk (IN)
                         net (fo=0)                   0.000    10.000    clk
    E3                   IBUF (Prop_ibuf_I_O)         1.411    11.411 r  clk_IBUF_inst/O
                         net (fo=1, routed)           1.920    13.331    clk_IBUF
    BUFGCTRL_X0Y16       BUFG (Prop_bufg_I_O)         0.091    13.422 r  clk_IBUF_BUFG_inst/O
                         net (fo=550, routed)         1.585    15.007    divisor_clock_inst/CLK
    SLICE_X5Y109         FDRE                                         r  divisor_clock_inst/cont_reg[13]/C
                         clock pessimism              0.276    15.283    
                         clock uncertainty           -0.035    15.248    
    SLICE_X5Y109         FDRE (Setup_fdre_C_R)       -0.604    14.644    divisor_clock_inst/cont_reg[13]
  -------------------------------------------------------------------
                         required time                         14.644    
                         arrival time                          -8.559    
  -------------------------------------------------------------------
                         slack                                  6.085    





Min Delay Paths
--------------------------------------------------------------------------------------
Slack (MET) :             0.115ns  (arrival time - required time)
  Source:                 genblk1[49].shift_reg_reg[50][6]/C
                            (rising edge-triggered cell FDCE clocked by clock_master  {rise@0.000ns fall@5.000ns period=10.000ns})
  Destination:            genblk1[48].shift_reg_reg[49][6]/D
                            (rising edge-triggered cell FDCE clocked by clock_master  {rise@0.000ns fall@5.000ns period=10.000ns})
  Path Group:             clock_master
  Path Type:              Hold (Min at Fast Process Corner)
  Requirement:            0.000ns  (clock_master rise@0.000ns - clock_master rise@0.000ns)
  Data Path Delay:        0.249ns  (logic 0.186ns (74.698%)  route 0.063ns (25.302%))
  Logic Levels:           1  (LUT6=1)
  Clock Path Skew:        0.013ns (DCD - SCD - CPR)
    Destination Clock Delay (DCD):    2.029ns
    Source Clock Delay      (SCD):    1.512ns
    Clock Pessimism Removal (CPR):    0.503ns

    Location             Delay type                Incr(ns)  Path(ns)    Netlist Resource(s)
  -------------------------------------------------------------------    -------------------
                         (clock clock_master rise edge)
                                                      0.000     0.000 r  
    E3                                                0.000     0.000 r  clk (IN)
                         net (fo=0)                   0.000     0.000    clk
    E3                   IBUF (Prop_ibuf_I_O)         0.250     0.250 r  clk_IBUF_inst/O
                         net (fo=1, routed)           0.644     0.894    clk_IBUF
    BUFGCTRL_X0Y16       BUFG (Prop_bufg_I_O)         0.026     0.920 r  clk_IBUF_BUFG_inst/O
                         net (fo=550, routed)         0.593     1.512    clk_IBUF_BUFG
    SLICE_X3Y116         FDCE                                         r  genblk1[49].shift_reg_reg[50][6]/C
  -------------------------------------------------------------------    -------------------
    SLICE_X3Y116         FDCE (Prop_fdce_C_Q)         0.141     1.653 r  genblk1[49].shift_reg_reg[50][6]/Q
                         net (fo=2, routed)           0.063     1.716    genblk1[49].shift_reg_reg[50][6]
    SLICE_X2Y116         LUT6 (Prop_lut6_I4_O)        0.045     1.761 r  genblk1[48].shift_reg[49][6]_i_1/O
                         net (fo=1, routed)           0.000     1.761    genblk1[48].shift_reg[49][6]_i_1_n_0
    SLICE_X2Y116         FDCE                                         r  genblk1[48].shift_reg_reg[49][6]/D
  -------------------------------------------------------------------    -------------------

                         (clock clock_master rise edge)
                                                      0.000     0.000 r  
    E3                                                0.000     0.000 r  clk (IN)
                         net (fo=0)                   0.000     0.000    clk
    E3                   IBUF (Prop_ibuf_I_O)         0.438     0.438 r  clk_IBUF_inst/O
                         net (fo=1, routed)           0.699     1.136    clk_IBUF
    BUFGCTRL_X0Y16       BUFG (Prop_bufg_I_O)         0.029     1.165 r  clk_IBUF_BUFG_inst/O
                         net (fo=550, routed)         0.864     2.029    clk_IBUF_BUFG
    SLICE_X2Y116         FDCE                                         r  genblk1[48].shift_reg_reg[49][6]/C
                         clock pessimism             -0.503     1.525    
    SLICE_X2Y116         FDCE (Hold_fdce_C_D)         0.121     1.646    genblk1[48].shift_reg_reg[49][6]
  -------------------------------------------------------------------
                         required time                         -1.646    
                         arrival time                           1.761    
  -------------------------------------------------------------------
                         slack                                  0.115    

Slack (MET) :             0.118ns  (arrival time - required time)
  Source:                 genblk1[29].shift_reg_reg[30][7]/C
                            (rising edge-triggered cell FDCE clocked by clock_master  {rise@0.000ns fall@5.000ns period=10.000ns})
  Destination:            genblk1[28].shift_reg_reg[29][7]/D
                            (rising edge-triggered cell FDCE clocked by clock_master  {rise@0.000ns fall@5.000ns period=10.000ns})
  Path Group:             clock_master
  Path Type:              Hold (Min at Fast Process Corner)
  Requirement:            0.000ns  (clock_master rise@0.000ns - clock_master rise@0.000ns)
  Data Path Delay:        0.252ns  (logic 0.186ns (73.740%)  route 0.066ns (26.260%))
  Logic Levels:           1  (LUT6=1)
  Clock Path Skew:        0.013ns (DCD - SCD - CPR)
    Destination Clock Delay (DCD):    2.000ns
    Source Clock Delay      (SCD):    1.484ns
    Clock Pessimism Removal (CPR):    0.502ns

    Location             Delay type                Incr(ns)  Path(ns)    Netlist Resource(s)
  -------------------------------------------------------------------    -------------------
                         (clock clock_master rise edge)
                                                      0.000     0.000 r  
    E3                                                0.000     0.000 r  clk (IN)
                         net (fo=0)                   0.000     0.000    clk
    E3                   IBUF (Prop_ibuf_I_O)         0.250     0.250 r  clk_IBUF_inst/O
                         net (fo=1, routed)           0.644     0.894    clk_IBUF
    BUFGCTRL_X0Y16       BUFG (Prop_bufg_I_O)         0.026     0.920 r  clk_IBUF_BUFG_inst/O
                         net (fo=550, routed)         0.565     1.484    clk_IBUF_BUFG
    SLICE_X9Y114         FDCE                                         r  genblk1[29].shift_reg_reg[30][7]/C
  -------------------------------------------------------------------    -------------------
    SLICE_X9Y114         FDCE (Prop_fdce_C_Q)         0.141     1.625 r  genblk1[29].shift_reg_reg[30][7]/Q
                         net (fo=2, routed)           0.066     1.692    genblk1[29].shift_reg_reg[30][7]
    SLICE_X8Y114         LUT6 (Prop_lut6_I5_O)        0.045     1.737 r  genblk1[28].shift_reg[29][7]_i_1/O
                         net (fo=1, routed)           0.000     1.737    genblk1[28].shift_reg[29][7]_i_1_n_0
    SLICE_X8Y114         FDCE                                         r  genblk1[28].shift_reg_reg[29][7]/D
  -------------------------------------------------------------------    -------------------

                         (clock clock_master rise edge)
                                                      0.000     0.000 r  
    E3                                                0.000     0.000 r  clk (IN)
                         net (fo=0)                   0.000     0.000    clk
    E3                   IBUF (Prop_ibuf_I_O)         0.438     0.438 r  clk_IBUF_inst/O
                         net (fo=1, routed)           0.699     1.136    clk_IBUF
    BUFGCTRL_X0Y16       BUFG (Prop_bufg_I_O)         0.029     1.165 r  clk_IBUF_BUFG_inst/O
                         net (fo=550, routed)         0.835     2.000    clk_IBUF_BUFG
    SLICE_X8Y114         FDCE                                         r  genblk1[28].shift_reg_reg[29][7]/C
                         clock pessimism             -0.502     1.497    
    SLICE_X8Y114         FDCE (Hold_fdce_C_D)         0.121     1.618    genblk1[28].shift_reg_reg[29][7]
  -------------------------------------------------------------------
                         required time                         -1.618    
                         arrival time                           1.737    
  -------------------------------------------------------------------
                         slack                                  0.118    

Slack (MET) :             0.120ns  (arrival time - required time)
  Source:                 genblk1[12].shift_reg_reg[13][1]/C
                            (rising edge-triggered cell FDCE clocked by clock_master  {rise@0.000ns fall@5.000ns period=10.000ns})
  Destination:            genblk1[13].shift_reg_reg[14][1]/D
                            (rising edge-triggered cell FDCE clocked by clock_master  {rise@0.000ns fall@5.000ns period=10.000ns})
  Path Group:             clock_master
  Path Type:              Hold (Min at Fast Process Corner)
  Requirement:            0.000ns  (clock_master rise@0.000ns - clock_master rise@0.000ns)
  Data Path Delay:        0.253ns  (logic 0.186ns (73.517%)  route 0.067ns (26.483%))
  Logic Levels:           1  (LUT6=1)
  Clock Path Skew:        0.013ns (DCD - SCD - CPR)
    Destination Clock Delay (DCD):    1.995ns
    Source Clock Delay      (SCD):    1.480ns
    Clock Pessimism Removal (CPR):    0.501ns

    Location             Delay type                Incr(ns)  Path(ns)    Netlist Resource(s)
  -------------------------------------------------------------------    -------------------
                         (clock clock_master rise edge)
                                                      0.000     0.000 r  
    E3                                                0.000     0.000 r  clk (IN)
                         net (fo=0)                   0.000     0.000    clk
    E3                   IBUF (Prop_ibuf_I_O)         0.250     0.250 r  clk_IBUF_inst/O
                         net (fo=1, routed)           0.644     0.894    clk_IBUF
    BUFGCTRL_X0Y16       BUFG (Prop_bufg_I_O)         0.026     0.920 r  clk_IBUF_BUFG_inst/O
                         net (fo=550, routed)         0.561     1.480    clk_IBUF_BUFG
    SLICE_X13Y119        FDCE                                         r  genblk1[12].shift_reg_reg[13][1]/C
  -------------------------------------------------------------------    -------------------
    SLICE_X13Y119        FDCE (Prop_fdce_C_Q)         0.141     1.621 r  genblk1[12].shift_reg_reg[13][1]/Q
                         net (fo=2, routed)           0.067     1.688    genblk1[12].shift_reg_reg[13][1]
    SLICE_X12Y119        LUT6 (Prop_lut6_I3_O)        0.045     1.733 r  genblk1[13].shift_reg[14][1]_i_1/O
                         net (fo=1, routed)           0.000     1.733    genblk1[13].shift_reg[14][1]_i_1_n_0
    SLICE_X12Y119        FDCE                                         r  genblk1[13].shift_reg_reg[14][1]/D
  -------------------------------------------------------------------    -------------------

                         (clock clock_master rise edge)
                                                      0.000     0.000 r  
    E3                                                0.000     0.000 r  clk (IN)
                         net (fo=0)                   0.000     0.000    clk
    E3                   IBUF (Prop_ibuf_I_O)         0.438     0.438 r  clk_IBUF_inst/O
                         net (fo=1, routed)           0.699     1.136    clk_IBUF
    BUFGCTRL_X0Y16       BUFG (Prop_bufg_I_O)         0.029     1.165 r  clk_IBUF_BUFG_inst/O
                         net (fo=550, routed)         0.830     1.995    clk_IBUF_BUFG
    SLICE_X12Y119        FDCE                                         r  genblk1[13].shift_reg_reg[14][1]/C
                         clock pessimism             -0.501     1.493    
    SLICE_X12Y119        FDCE (Hold_fdce_C_D)         0.120     1.613    genblk1[13].shift_reg_reg[14][1]
  -------------------------------------------------------------------
                         required time                         -1.613    
                         arrival time                           1.733    
  -------------------------------------------------------------------
                         slack                                  0.120    

Slack (MET) :             0.128ns  (arrival time - required time)
  Source:                 genblk1[1].shift_reg_reg[2][7]/C
                            (rising edge-triggered cell FDCE clocked by clock_master  {rise@0.000ns fall@5.000ns period=10.000ns})
  Destination:            genblk1[2].shift_reg_reg[3][7]/D
                            (rising edge-triggered cell FDCE clocked by clock_master  {rise@0.000ns fall@5.000ns period=10.000ns})
  Path Group:             clock_master
  Path Type:              Hold (Min at Fast Process Corner)
  Requirement:            0.000ns  (clock_master rise@0.000ns - clock_master rise@0.000ns)
  Data Path Delay:        0.262ns  (logic 0.186ns (70.908%)  route 0.076ns (29.092%))
  Logic Levels:           1  (LUT6=1)
  Clock Path Skew:        0.013ns (DCD - SCD - CPR)
    Destination Clock Delay (DCD):    1.996ns
    Source Clock Delay      (SCD):    1.481ns
    Clock Pessimism Removal (CPR):    0.501ns

    Location             Delay type                Incr(ns)  Path(ns)    Netlist Resource(s)
  -------------------------------------------------------------------    -------------------
                         (clock clock_master rise edge)
                                                      0.000     0.000 r  
    E3                                                0.000     0.000 r  clk (IN)
                         net (fo=0)                   0.000     0.000    clk
    E3                   IBUF (Prop_ibuf_I_O)         0.250     0.250 r  clk_IBUF_inst/O
                         net (fo=1, routed)           0.644     0.894    clk_IBUF
    BUFGCTRL_X0Y16       BUFG (Prop_bufg_I_O)         0.026     0.920 r  clk_IBUF_BUFG_inst/O
                         net (fo=550, routed)         0.562     1.481    clk_IBUF_BUFG
    SLICE_X9Y118         FDCE                                         r  genblk1[1].shift_reg_reg[2][7]/C
  -------------------------------------------------------------------    -------------------
    SLICE_X9Y118         FDCE (Prop_fdce_C_Q)         0.141     1.622 r  genblk1[1].shift_reg_reg[2][7]/Q
                         net (fo=3, routed)           0.076     1.699    genblk1[1].shift_reg_reg[2][7]
    SLICE_X8Y118         LUT6 (Prop_lut6_I3_O)        0.045     1.744 r  genblk1[2].shift_reg[3][7]_i_1/O
                         net (fo=1, routed)           0.000     1.744    genblk1[2].shift_reg[3][7]_i_1_n_0
    SLICE_X8Y118         FDCE                                         r  genblk1[2].shift_reg_reg[3][7]/D
  -------------------------------------------------------------------    -------------------

                         (clock clock_master rise edge)
                                                      0.000     0.000 r  
    E3                                                0.000     0.000 r  clk (IN)
                         net (fo=0)                   0.000     0.000    clk
    E3                   IBUF (Prop_ibuf_I_O)         0.438     0.438 r  clk_IBUF_inst/O
                         net (fo=1, routed)           0.699     1.136    clk_IBUF
    BUFGCTRL_X0Y16       BUFG (Prop_bufg_I_O)         0.029     1.165 r  clk_IBUF_BUFG_inst/O
                         net (fo=550, routed)         0.831     1.996    clk_IBUF_BUFG
    SLICE_X8Y118         FDCE                                         r  genblk1[2].shift_reg_reg[3][7]/C
                         clock pessimism             -0.501     1.494    
    SLICE_X8Y118         FDCE (Hold_fdce_C_D)         0.121     1.615    genblk1[2].shift_reg_reg[3][7]
  -------------------------------------------------------------------
                         required time                         -1.615    
                         arrival time                           1.744    
  -------------------------------------------------------------------
                         slack                                  0.128    

Slack (MET) :             0.143ns  (arrival time - required time)
  Source:                 genblk1[22].shift_reg_reg[23][1]/C
                            (rising edge-triggered cell FDCE clocked by clock_master  {rise@0.000ns fall@5.000ns period=10.000ns})
  Destination:            genblk1[23].shift_reg_reg[24][1]/D
                            (rising edge-triggered cell FDCE clocked by clock_master  {rise@0.000ns fall@5.000ns period=10.000ns})
  Path Group:             clock_master
  Path Type:              Hold (Min at Fast Process Corner)
  Requirement:            0.000ns  (clock_master rise@0.000ns - clock_master rise@0.000ns)
  Data Path Delay:        0.277ns  (logic 0.186ns (67.098%)  route 0.091ns (32.902%))
  Logic Levels:           1  (LUT6=1)
  Clock Path Skew:        0.013ns (DCD - SCD - CPR)
    Destination Clock Delay (DCD):    1.994ns
    Source Clock Delay      (SCD):    1.479ns
    Clock Pessimism Removal (CPR):    0.501ns

    Location             Delay type                Incr(ns)  Path(ns)    Netlist Resource(s)
  -------------------------------------------------------------------    -------------------
                         (clock clock_master rise edge)
                                                      0.000     0.000 r  
    E3                                                0.000     0.000 r  clk (IN)
                         net (fo=0)                   0.000     0.000    clk
    E3                   IBUF (Prop_ibuf_I_O)         0.250     0.250 r  clk_IBUF_inst/O
                         net (fo=1, routed)           0.644     0.894    clk_IBUF
    BUFGCTRL_X0Y16       BUFG (Prop_bufg_I_O)         0.026     0.920 r  clk_IBUF_BUFG_inst/O
                         net (fo=550, routed)         0.560     1.479    clk_IBUF_BUFG
    SLICE_X13Y120        FDCE                                         r  genblk1[22].shift_reg_reg[23][1]/C
  -------------------------------------------------------------------    -------------------
    SLICE_X13Y120        FDCE (Prop_fdce_C_Q)         0.141     1.620 r  genblk1[22].shift_reg_reg[23][1]/Q
                         net (fo=2, routed)           0.091     1.712    genblk1[22].shift_reg_reg[23][1]
    SLICE_X12Y120        LUT6 (Prop_lut6_I3_O)        0.045     1.757 r  genblk1[23].shift_reg[24][1]_i_1/O
                         net (fo=1, routed)           0.000     1.757    genblk1[23].shift_reg[24][1]_i_1_n_0
    SLICE_X12Y120        FDCE                                         r  genblk1[23].shift_reg_reg[24][1]/D
  -------------------------------------------------------------------    -------------------

                         (clock clock_master rise edge)
                                                      0.000     0.000 r  
    E3                                                0.000     0.000 r  clk (IN)
                         net (fo=0)                   0.000     0.000    clk
    E3                   IBUF (Prop_ibuf_I_O)         0.438     0.438 r  clk_IBUF_inst/O
                         net (fo=1, routed)           0.699     1.136    clk_IBUF
    BUFGCTRL_X0Y16       BUFG (Prop_bufg_I_O)         0.029     1.165 r  clk_IBUF_BUFG_inst/O
                         net (fo=550, routed)         0.829     1.994    clk_IBUF_BUFG
    SLICE_X12Y120        FDCE                                         r  genblk1[23].shift_reg_reg[24][1]/C
                         clock pessimism             -0.501     1.492    
    SLICE_X12Y120        FDCE (Hold_fdce_C_D)         0.121     1.613    genblk1[23].shift_reg_reg[24][1]
  -------------------------------------------------------------------
                         required time                         -1.613    
                         arrival time                           1.757    
  -------------------------------------------------------------------
                         slack                                  0.143    

Slack (MET) :             0.143ns  (arrival time - required time)
  Source:                 genblk1[49].shift_reg_reg[50][4]/C
                            (rising edge-triggered cell FDCE clocked by clock_master  {rise@0.000ns fall@5.000ns period=10.000ns})
  Destination:            genblk1[50].shift_reg_reg[51][4]/D
                            (rising edge-triggered cell FDCE clocked by clock_master  {rise@0.000ns fall@5.000ns period=10.000ns})
  Path Group:             clock_master
  Path Type:              Hold (Min at Fast Process Corner)
  Requirement:            0.000ns  (clock_master rise@0.000ns - clock_master rise@0.000ns)
  Data Path Delay:        0.277ns  (logic 0.186ns (67.098%)  route 0.091ns (32.902%))
  Logic Levels:           1  (LUT6=1)
  Clock Path Skew:        0.013ns (DCD - SCD - CPR)
    Destination Clock Delay (DCD):    2.023ns
    Source Clock Delay      (SCD):    1.507ns
    Clock Pessimism Removal (CPR):    0.502ns

    Location             Delay type                Incr(ns)  Path(ns)    Netlist Resource(s)
  -------------------------------------------------------------------    -------------------
                         (clock clock_master rise edge)
                                                      0.000     0.000 r  
    E3                                                0.000     0.000 r  clk (IN)
                         net (fo=0)                   0.000     0.000    clk
    E3                   IBUF (Prop_ibuf_I_O)         0.250     0.250 r  clk_IBUF_inst/O
                         net (fo=1, routed)           0.644     0.894    clk_IBUF
    BUFGCTRL_X0Y16       BUFG (Prop_bufg_I_O)         0.026     0.920 r  clk_IBUF_BUFG_inst/O
                         net (fo=550, routed)         0.588     1.507    clk_IBUF_BUFG
    SLICE_X3Y127         FDCE                                         r  genblk1[49].shift_reg_reg[50][4]/C
  -------------------------------------------------------------------    -------------------
    SLICE_X3Y127         FDCE (Prop_fdce_C_Q)         0.141     1.648 r  genblk1[49].shift_reg_reg[50][4]/Q
                         net (fo=2, routed)           0.091     1.740    genblk1[49].shift_reg_reg[50][4]
    SLICE_X2Y127         LUT6 (Prop_lut6_I5_O)        0.045     1.785 r  genblk1[50].shift_reg[51][4]_i_1/O
                         net (fo=1, routed)           0.000     1.785    genblk1[50].shift_reg[51][4]_i_1_n_0
    SLICE_X2Y127         FDCE                                         r  genblk1[50].shift_reg_reg[51][4]/D
  -------------------------------------------------------------------    -------------------

                         (clock clock_master rise edge)
                                                      0.000     0.000 r  
    E3                                                0.000     0.000 r  clk (IN)
                         net (fo=0)                   0.000     0.000    clk
    E3                   IBUF (Prop_ibuf_I_O)         0.438     0.438 r  clk_IBUF_inst/O
                         net (fo=1, routed)           0.699     1.136    clk_IBUF
    BUFGCTRL_X0Y16       BUFG (Prop_bufg_I_O)         0.029     1.165 r  clk_IBUF_BUFG_inst/O
                         net (fo=550, routed)         0.858     2.023    clk_IBUF_BUFG
    SLICE_X2Y127         FDCE                                         r  genblk1[50].shift_reg_reg[51][4]/C
                         clock pessimism             -0.502     1.520    
    SLICE_X2Y127         FDCE (Hold_fdce_C_D)         0.121     1.641    genblk1[50].shift_reg_reg[51][4]
  -------------------------------------------------------------------
                         required time                         -1.641    
                         arrival time                           1.785    
  -------------------------------------------------------------------
                         slack                                  0.143    

Slack (MET) :             0.150ns  (arrival time - required time)
  Source:                 genblk1[28].shift_reg_reg[29][5]/C
                            (rising edge-triggered cell FDCE clocked by clock_master  {rise@0.000ns fall@5.000ns period=10.000ns})
  Destination:            genblk1[27].shift_reg_reg[28][5]/D
                            (rising edge-triggered cell FDCE clocked by clock_master  {rise@0.000ns fall@5.000ns period=10.000ns})
  Path Group:             clock_master
  Path Type:              Hold (Min at Fast Process Corner)
  Requirement:            0.000ns  (clock_master rise@0.000ns - clock_master rise@0.000ns)
  Data Path Delay:        0.255ns  (logic 0.186ns (72.876%)  route 0.069ns (27.124%))
  Logic Levels:           1  (LUT6=1)
  Clock Path Skew:        0.013ns (DCD - SCD - CPR)
    Destination Clock Delay (DCD):    2.025ns
    Source Clock Delay      (SCD):    1.508ns
    Clock Pessimism Removal (CPR):    0.503ns

    Location             Delay type                Incr(ns)  Path(ns)    Netlist Resource(s)
  -------------------------------------------------------------------    -------------------
                         (clock clock_master rise edge)
                                                      0.000     0.000 r  
    E3                                                0.000     0.000 r  clk (IN)
                         net (fo=0)                   0.000     0.000    clk
    E3                   IBUF (Prop_ibuf_I_O)         0.250     0.250 r  clk_IBUF_inst/O
                         net (fo=1, routed)           0.644     0.894    clk_IBUF
    BUFGCTRL_X0Y16       BUFG (Prop_bufg_I_O)         0.026     0.920 r  clk_IBUF_BUFG_inst/O
                         net (fo=550, routed)         0.589     1.508    clk_IBUF_BUFG
    SLICE_X1Y120         FDCE                                         r  genblk1[28].shift_reg_reg[29][5]/C
  -------------------------------------------------------------------    -------------------
    SLICE_X1Y120         FDCE (Prop_fdce_C_Q)         0.141     1.649 r  genblk1[28].shift_reg_reg[29][5]/Q
                         net (fo=2, routed)           0.069     1.719    genblk1[28].shift_reg_reg[29][5]
    SLICE_X0Y120         LUT6 (Prop_lut6_I5_O)        0.045     1.764 r  genblk1[27].shift_reg[28][5]_i_1/O
                         net (fo=1, routed)           0.000     1.764    genblk1[27].shift_reg[28][5]_i_1_n_0
    SLICE_X0Y120         FDCE                                         r  genblk1[27].shift_reg_reg[28][5]/D
  -------------------------------------------------------------------    -------------------

                         (clock clock_master rise edge)
                                                      0.000     0.000 r  
    E3                                                0.000     0.000 r  clk (IN)
                         net (fo=0)                   0.000     0.000    clk
    E3                   IBUF (Prop_ibuf_I_O)         0.438     0.438 r  clk_IBUF_inst/O
                         net (fo=1, routed)           0.699     1.136    clk_IBUF
    BUFGCTRL_X0Y16       BUFG (Prop_bufg_I_O)         0.029     1.165 r  clk_IBUF_BUFG_inst/O
                         net (fo=550, routed)         0.860     2.025    clk_IBUF_BUFG
    SLICE_X0Y120         FDCE                                         r  genblk1[27].shift_reg_reg[28][5]/C
                         clock pessimism             -0.503     1.521    
    SLICE_X0Y120         FDCE (Hold_fdce_C_D)         0.092     1.613    genblk1[27].shift_reg_reg[28][5]
  -------------------------------------------------------------------
                         required time                         -1.613    
                         arrival time                           1.764    
  -------------------------------------------------------------------
                         slack                                  0.150    

Slack (MET) :             0.152ns  (arrival time - required time)
  Source:                 genblk1[10].shift_reg_reg[11][7]/C
                            (rising edge-triggered cell FDCE clocked by clock_master  {rise@0.000ns fall@5.000ns period=10.000ns})
  Destination:            genblk1[11].shift_reg_reg[12][7]/D
                            (rising edge-triggered cell FDCE clocked by clock_master  {rise@0.000ns fall@5.000ns period=10.000ns})
  Path Group:             clock_master
  Path Type:              Hold (Min at Fast Process Corner)
  Requirement:            0.000ns  (clock_master rise@0.000ns - clock_master rise@0.000ns)
  Data Path Delay:        0.285ns  (logic 0.186ns (65.209%)  route 0.099ns (34.791%))
  Logic Levels:           1  (LUT6=1)
  Clock Path Skew:        0.013ns (DCD - SCD - CPR)
    Destination Clock Delay (DCD):    2.028ns
    Source Clock Delay      (SCD):    1.512ns
    Clock Pessimism Removal (CPR):    0.502ns

    Location             Delay type                Incr(ns)  Path(ns)    Netlist Resource(s)
  -------------------------------------------------------------------    -------------------
                         (clock clock_master rise edge)
                                                      0.000     0.000 r  
    E3                                                0.000     0.000 r  clk (IN)
                         net (fo=0)                   0.000     0.000    clk
    E3                   IBUF (Prop_ibuf_I_O)         0.250     0.250 r  clk_IBUF_inst/O
                         net (fo=1, routed)           0.644     0.894    clk_IBUF
    BUFGCTRL_X0Y16       BUFG (Prop_bufg_I_O)         0.026     0.920 r  clk_IBUF_BUFG_inst/O
                         net (fo=550, routed)         0.593     1.512    clk_IBUF_BUFG
    SLICE_X7Y114         FDCE                                         r  genblk1[10].shift_reg_reg[11][7]/C
  -------------------------------------------------------------------    -------------------
    SLICE_X7Y114         FDCE (Prop_fdce_C_Q)         0.141     1.653 r  genblk1[10].shift_reg_reg[11][7]/Q
                         net (fo=2, routed)           0.099     1.753    genblk1[10].shift_reg_reg[11][7]
    SLICE_X6Y114         LUT6 (Prop_lut6_I3_O)        0.045     1.798 r  genblk1[11].shift_reg[12][7]_i_1/O
                         net (fo=1, routed)           0.000     1.798    genblk1[11].shift_reg[12][7]_i_1_n_0
    SLICE_X6Y114         FDCE                                         r  genblk1[11].shift_reg_reg[12][7]/D
  -------------------------------------------------------------------    -------------------

                         (clock clock_master rise edge)
                                                      0.000     0.000 r  
    E3                                                0.000     0.000 r  clk (IN)
                         net (fo=0)                   0.000     0.000    clk
    E3                   IBUF (Prop_ibuf_I_O)         0.438     0.438 r  clk_IBUF_inst/O
                         net (fo=1, routed)           0.699     1.136    clk_IBUF
    BUFGCTRL_X0Y16       BUFG (Prop_bufg_I_O)         0.029     1.165 r  clk_IBUF_BUFG_inst/O
                         net (fo=550, routed)         0.862     2.028    clk_IBUF_BUFG
    SLICE_X6Y114         FDCE                                         r  genblk1[11].shift_reg_reg[12][7]/C
                         clock pessimism             -0.502     1.525    
    SLICE_X6Y114         FDCE (Hold_fdce_C_D)         0.120     1.645    genblk1[11].shift_reg_reg[12][7]
  -------------------------------------------------------------------
                         required time                         -1.645    
                         arrival time                           1.798    
  -------------------------------------------------------------------
                         slack                                  0.152    

Slack (MET) :             0.152ns  (arrival time - required time)
  Source:                 genblk1[42].shift_reg_reg[43][3]/C
                            (rising edge-triggered cell FDCE clocked by clock_master  {rise@0.000ns fall@5.000ns period=10.000ns})
  Destination:            genblk1[43].shift_reg_reg[44][3]/D
                            (rising edge-triggered cell FDCE clocked by clock_master  {rise@0.000ns fall@5.000ns period=10.000ns})
  Path Group:             clock_master
  Path Type:              Hold (Min at Fast Process Corner)
  Requirement:            0.000ns  (clock_master rise@0.000ns - clock_master rise@0.000ns)
  Data Path Delay:        0.285ns  (logic 0.186ns (65.194%)  route 0.099ns (34.806%))
  Logic Levels:           1  (LUT6=1)
  Clock Path Skew:        0.013ns (DCD - SCD - CPR)
    Destination Clock Delay (DCD):    1.990ns
    Source Clock Delay      (SCD):    1.476ns
    Clock Pessimism Removal (CPR):    0.500ns

    Location             Delay type                Incr(ns)  Path(ns)    Netlist Resource(s)
  -------------------------------------------------------------------    -------------------
                         (clock clock_master rise edge)
                                                      0.000     0.000 r  
    E3                                                0.000     0.000 r  clk (IN)
                         net (fo=0)                   0.000     0.000    clk
    E3                   IBUF (Prop_ibuf_I_O)         0.250     0.250 r  clk_IBUF_inst/O
                         net (fo=1, routed)           0.644     0.894    clk_IBUF
    BUFGCTRL_X0Y16       BUFG (Prop_bufg_I_O)         0.026     0.920 r  clk_IBUF_BUFG_inst/O
                         net (fo=550, routed)         0.557     1.476    clk_IBUF_BUFG
    SLICE_X9Y126         FDCE                                         r  genblk1[42].shift_reg_reg[43][3]/C
  -------------------------------------------------------------------    -------------------
    SLICE_X9Y126         FDCE (Prop_fdce_C_Q)         0.141     1.617 r  genblk1[42].shift_reg_reg[43][3]/Q
                         net (fo=2, routed)           0.099     1.717    genblk1[42].shift_reg_reg[43][3]
    SLICE_X8Y126         LUT6 (Prop_lut6_I5_O)        0.045     1.762 r  genblk1[43].shift_reg[44][3]_i_1/O
                         net (fo=1, routed)           0.000     1.762    genblk1[43].shift_reg[44][3]_i_1_n_0
    SLICE_X8Y126         FDCE                                         r  genblk1[43].shift_reg_reg[44][3]/D
  -------------------------------------------------------------------    -------------------

                         (clock clock_master rise edge)
                                                      0.000     0.000 r  
    E3                                                0.000     0.000 r  clk (IN)
                         net (fo=0)                   0.000     0.000    clk
    E3                   IBUF (Prop_ibuf_I_O)         0.438     0.438 r  clk_IBUF_inst/O
                         net (fo=1, routed)           0.699     1.136    clk_IBUF
    BUFGCTRL_X0Y16       BUFG (Prop_bufg_I_O)         0.029     1.165 r  clk_IBUF_BUFG_inst/O
                         net (fo=550, routed)         0.825     1.990    clk_IBUF_BUFG
    SLICE_X8Y126         FDCE                                         r  genblk1[43].shift_reg_reg[44][3]/C
                         clock pessimism             -0.500     1.489    
    SLICE_X8Y126         FDCE (Hold_fdce_C_D)         0.120     1.609    genblk1[43].shift_reg_reg[44][3]
  -------------------------------------------------------------------
                         required time                         -1.609    
                         arrival time                           1.762    
  -------------------------------------------------------------------
                         slack                                  0.152    

Slack (MET) :             0.153ns  (arrival time - required time)
  Source:                 genblk1[57].shift_reg_reg[58][0]/C
                            (rising edge-triggered cell FDCE clocked by clock_master  {rise@0.000ns fall@5.000ns period=10.000ns})
  Destination:            genblk1[58].shift_reg_reg[59][0]/D
                            (rising edge-triggered cell FDCE clocked by clock_master  {rise@0.000ns fall@5.000ns period=10.000ns})
  Path Group:             clock_master
  Path Type:              Hold (Min at Fast Process Corner)
  Requirement:            0.000ns  (clock_master rise@0.000ns - clock_master rise@0.000ns)
  Data Path Delay:        0.287ns  (logic 0.186ns (64.755%)  route 0.101ns (35.245%))
  Logic Levels:           1  (LUT6=1)
  Clock Path Skew:        0.013ns (DCD - SCD - CPR)
    Destination Clock Delay (DCD):    2.001ns
    Source Clock Delay      (SCD):    1.485ns
    Clock Pessimism Removal (CPR):    0.502ns

    Location             Delay type                Incr(ns)  Path(ns)    Netlist Resource(s)
  -------------------------------------------------------------------    -------------------
                         (clock clock_master rise edge)
                                                      0.000     0.000 r  
    E3                                                0.000     0.000 r  clk (IN)
                         net (fo=0)                   0.000     0.000    clk
    E3                   IBUF (Prop_ibuf_I_O)         0.250     0.250 r  clk_IBUF_inst/O
                         net (fo=1, routed)           0.644     0.894    clk_IBUF
    BUFGCTRL_X0Y16       BUFG (Prop_bufg_I_O)         0.026     0.920 r  clk_IBUF_BUFG_inst/O
                         net (fo=550, routed)         0.566     1.485    clk_IBUF_BUFG
    SLICE_X15Y112        FDCE                                         r  genblk1[57].shift_reg_reg[58][0]/C
  -------------------------------------------------------------------    -------------------
    SLICE_X15Y112        FDCE (Prop_fdce_C_Q)         0.141     1.626 r  genblk1[57].shift_reg_reg[58][0]/Q
                         net (fo=2, routed)           0.101     1.728    genblk1[57].shift_reg_reg[58][0]
    SLICE_X14Y112        LUT6 (Prop_lut6_I5_O)        0.045     1.773 r  genblk1[58].shift_reg[59][0]_i_1/O
                         net (fo=1, routed)           0.000     1.773    genblk1[58].shift_reg[59][0]_i_1_n_0
    SLICE_X14Y112        FDCE                                         r  genblk1[58].shift_reg_reg[59][0]/D
  -------------------------------------------------------------------    -------------------

                         (clock clock_master rise edge)
                                                      0.000     0.000 r  
    E3                                                0.000     0.000 r  clk (IN)
                         net (fo=0)                   0.000     0.000    clk
    E3                   IBUF (Prop_ibuf_I_O)         0.438     0.438 r  clk_IBUF_inst/O
                         net (fo=1, routed)           0.699     1.136    clk_IBUF
    BUFGCTRL_X0Y16       BUFG (Prop_bufg_I_O)         0.029     1.165 r  clk_IBUF_BUFG_inst/O
                         net (fo=550, routed)         0.836     2.001    clk_IBUF_BUFG
    SLICE_X14Y112        FDCE                                         r  genblk1[58].shift_reg_reg[59][0]/C
                         clock pessimism             -0.502     1.498    
    SLICE_X14Y112        FDCE (Hold_fdce_C_D)         0.121     1.619    genblk1[58].shift_reg_reg[59][0]
  -------------------------------------------------------------------
                         required time                         -1.619    
                         arrival time                           1.773    
  -------------------------------------------------------------------
                         slack                                  0.153    





Pulse Width Checks
--------------------------------------------------------------------------------------
Clock Name:         clock_master
Waveform(ns):       { 0.000 5.000 }
Period(ns):         10.000
Sources:            { clk }

Check Type        Corner  Lib Pin  Reference Pin  Required(ns)  Actual(ns)  Slack(ns)  Location        Pin
Min Period        n/a     BUFG/I   n/a            2.155         10.000      7.845      BUFGCTRL_X0Y16  clk_IBUF_BUFG_inst/I
Min Period        n/a     FDPE/C   n/a            1.000         10.000      9.000      SLICE_X10Y115   FSM_sequential_current_state_reg[0]/C
Min Period        n/a     FDCE/C   n/a            1.000         10.000      9.000      SLICE_X10Y115   FSM_sequential_current_state_reg[1]/C
Min Period        n/a     FDCE/C   n/a            1.000         10.000      9.000      SLICE_X12Y117   genblk1[0].shift_reg_reg[1][0]/C
Min Period        n/a     FDCE/C   n/a            1.000         10.000      9.000      SLICE_X10Y118   genblk1[0].shift_reg_reg[1][1]/C
Min Period        n/a     FDCE/C   n/a            1.000         10.000      9.000      SLICE_X10Y119   genblk1[0].shift_reg_reg[1][2]/C
Min Period        n/a     FDCE/C   n/a            1.000         10.000      9.000      SLICE_X6Y121    genblk1[0].shift_reg_reg[1][3]/C
Min Period        n/a     FDCE/C   n/a            1.000         10.000      9.000      SLICE_X5Y119    genblk1[0].shift_reg_reg[1][4]/C
Min Period        n/a     FDCE/C   n/a            1.000         10.000      9.000      SLICE_X3Y118    genblk1[0].shift_reg_reg[1][5]/C
Min Period        n/a     FDCE/C   n/a            1.000         10.000      9.000      SLICE_X4Y117    genblk1[0].shift_reg_reg[1][6]/C
Low Pulse Width   Slow    FDPE/C   n/a            0.500         5.000       4.500      SLICE_X10Y115   FSM_sequential_current_state_reg[0]/C
Low Pulse Width   Fast    FDPE/C   n/a            0.500         5.000       4.500      SLICE_X10Y115   FSM_sequential_current_state_reg[0]/C
Low Pulse Width   Slow    FDCE/C   n/a            0.500         5.000       4.500      SLICE_X10Y115   FSM_sequential_current_state_reg[1]/C
Low Pulse Width   Fast    FDCE/C   n/a            0.500         5.000       4.500      SLICE_X10Y115   FSM_sequential_current_state_reg[1]/C
Low Pulse Width   Slow    FDCE/C   n/a            0.500         5.000       4.500      SLICE_X12Y117   genblk1[0].shift_reg_reg[1][0]/C
Low Pulse Width   Fast    FDCE/C   n/a            0.500         5.000       4.500      SLICE_X12Y117   genblk1[0].shift_reg_reg[1][0]/C
Low Pulse Width   Slow    FDCE/C   n/a            0.500         5.000       4.500      SLICE_X10Y118   genblk1[0].shift_reg_reg[1][1]/C
Low Pulse Width   Fast    FDCE/C   n/a            0.500         5.000       4.500      SLICE_X10Y118   genblk1[0].shift_reg_reg[1][1]/C
Low Pulse Width   Slow    FDCE/C   n/a            0.500         5.000       4.500      SLICE_X10Y119   genblk1[0].shift_reg_reg[1][2]/C
Low Pulse Width   Fast    FDCE/C   n/a            0.500         5.000       4.500      SLICE_X10Y119   genblk1[0].shift_reg_reg[1][2]/C
High Pulse Width  Slow    FDPE/C   n/a            0.500         5.000       4.500      SLICE_X10Y115   FSM_sequential_current_state_reg[0]/C
High Pulse Width  Fast    FDPE/C   n/a            0.500         5.000       4.500      SLICE_X10Y115   FSM_sequential_current_state_reg[0]/C
High Pulse Width  Slow    FDCE/C   n/a            0.500         5.000       4.500      SLICE_X10Y115   FSM_sequential_current_state_reg[1]/C
High Pulse Width  Fast    FDCE/C   n/a            0.500         5.000       4.500      SLICE_X10Y115   FSM_sequential_current_state_reg[1]/C
High Pulse Width  Slow    FDCE/C   n/a            0.500         5.000       4.500      SLICE_X12Y117   genblk1[0].shift_reg_reg[1][0]/C
High Pulse Width  Fast    FDCE/C   n/a            0.500         5.000       4.500      SLICE_X12Y117   genblk1[0].shift_reg_reg[1][0]/C
High Pulse Width  Slow    FDCE/C   n/a            0.500         5.000       4.500      SLICE_X10Y118   genblk1[0].shift_reg_reg[1][1]/C
High Pulse Width  Fast    FDCE/C   n/a            0.500         5.000       4.500      SLICE_X10Y118   genblk1[0].shift_reg_reg[1][1]/C
High Pulse Width  Slow    FDCE/C   n/a            0.500         5.000       4.500      SLICE_X10Y119   genblk1[0].shift_reg_reg[1][2]/C
High Pulse Width  Fast    FDCE/C   n/a            0.500         5.000       4.500      SLICE_X10Y119   genblk1[0].shift_reg_reg[1][2]/C



--------------------------------------------------------------------------------------
Path Group:  (none)
From Clock:  
  To Clock:  

Max Delay            72 Endpoints
Min Delay            72 Endpoints
--------------------------------------------------------------------------------------


Max Delay Paths
--------------------------------------------------------------------------------------
Slack:                    inf
  Source:                 contador_inst/cont_reg[1]/C
                            (rising edge-triggered cell FDCE)
  Destination:            display[5]
                            (output port)
  Path Group:             (none)
  Path Type:              Max at Slow Process Corner
  Data Path Delay:        13.139ns  (logic 4.770ns (36.309%)  route 8.368ns (63.691%))
  Logic Levels:           6  (FDCE=1 LUT5=1 LUT6=2 MUXF7=1 OBUF=1)

    Location             Delay type                Incr(ns)  Path(ns)    Netlist Resource(s)
  -------------------------------------------------------------------    -------------------
    SLICE_X4Y114         FDCE                         0.000     0.000 r  contador_inst/cont_reg[1]/C
    SLICE_X4Y114         FDCE (Prop_fdce_C_Q)         0.456     0.456 r  contador_inst/cont_reg[1]/Q
                         net (fo=26, routed)          1.826     2.282    contador_inst/in[1]
    SLICE_X6Y121         LUT6 (Prop_lut6_I3_O)        0.124     2.406 r  contador_inst/display_OBUF[7]_inst_i_26/O
                         net (fo=1, routed)           0.000     2.406    contador_inst/display_OBUF[7]_inst_i_26_n_0
    SLICE_X6Y121         MUXF7 (Prop_muxf7_I1_O)      0.214     2.620 r  contador_inst/display_OBUF[7]_inst_i_12/O
                         net (fo=16, routed)          1.833     4.452    scancode_to_display_inst/shift_reg[3]
    SLICE_X8Y116         LUT6 (Prop_lut6_I4_O)        0.297     4.749 r  scancode_to_display_inst/display_OBUF[5]_inst_i_4/O
                         net (fo=1, routed)           0.466     5.215    scancode_to_display_inst/display_OBUF[5]_inst_i_4_n_0
    SLICE_X8Y116         LUT5 (Prop_lut5_I4_O)        0.124     5.339 r  scancode_to_display_inst/display_OBUF[5]_inst_i_1/O
                         net (fo=1, routed)           4.244     9.583    display_OBUF[5]
    R10                  OBUF (Prop_obuf_I_O)         3.555    13.139 r  display_OBUF[5]_inst/O
                         net (fo=0)                   0.000    13.139    display[5]
    R10                                                               r  display[5] (OUT)
  -------------------------------------------------------------------    -------------------

Slack:                    inf
  Source:                 contador_inst/cont_reg[0]/C
                            (rising edge-triggered cell FDCE)
  Destination:            display[6]
                            (output port)
  Path Group:             (none)
  Path Type:              Max at Slow Process Corner
  Data Path Delay:        12.911ns  (logic 4.787ns (37.078%)  route 8.124ns (62.922%))
  Logic Levels:           6  (FDCE=1 LUT4=1 LUT6=2 MUXF7=1 OBUF=1)

    Location             Delay type                Incr(ns)  Path(ns)    Netlist Resource(s)
  -------------------------------------------------------------------    -------------------
    SLICE_X4Y114         FDCE                         0.000     0.000 r  contador_inst/cont_reg[0]/C
    SLICE_X4Y114         FDCE (Prop_fdce_C_Q)         0.456     0.456 r  contador_inst/cont_reg[0]/Q
                         net (fo=27, routed)          2.050     2.506    contador_inst/in[0]
    SLICE_X10Y118        LUT6 (Prop_lut6_I4_O)        0.124     2.630 r  contador_inst/display_OBUF[7]_inst_i_17/O
                         net (fo=1, routed)           0.000     2.630    contador_inst/display_OBUF[7]_inst_i_17_n_0
    SLICE_X10Y118        MUXF7 (Prop_muxf7_I0_O)      0.209     2.839 r  contador_inst/display_OBUF[7]_inst_i_8/O
                         net (fo=16, routed)          1.419     4.258    scancode_to_display_inst/shift_reg[1]
    SLICE_X7Y117         LUT6 (Prop_lut6_I1_O)        0.297     4.555 r  scancode_to_display_inst/display_OBUF[6]_inst_i_2/O
                         net (fo=1, routed)           0.665     5.220    scancode_to_display_inst/display_OBUF[6]_inst_i_2_n_0
    SLICE_X7Y117         LUT4 (Prop_lut4_I0_O)        0.124     5.344 r  scancode_to_display_inst/display_OBUF[6]_inst_i_1/O
                         net (fo=1, routed)           3.989     9.334    display_OBUF[6]
    T10                  OBUF (Prop_obuf_I_O)         3.577    12.911 r  display_OBUF[6]_inst/O
                         net (fo=0)                   0.000    12.911    display[6]
    T10                                                               r  display[6] (OUT)
  -------------------------------------------------------------------    -------------------

Slack:                    inf
  Source:                 contador_inst/cont_reg[1]/C
                            (rising edge-triggered cell FDCE)
  Destination:            display[1]
                            (output port)
  Path Group:             (none)
  Path Type:              Max at Slow Process Corner
  Data Path Delay:        12.658ns  (logic 4.776ns (37.727%)  route 7.883ns (62.273%))
  Logic Levels:           6  (FDCE=1 LUT5=1 LUT6=2 MUXF7=1 OBUF=1)

    Location             Delay type                Incr(ns)  Path(ns)    Netlist Resource(s)
  -------------------------------------------------------------------    -------------------
    SLICE_X4Y114         FDCE                         0.000     0.000 r  contador_inst/cont_reg[1]/C
    SLICE_X4Y114         FDCE (Prop_fdce_C_Q)         0.456     0.456 r  contador_inst/cont_reg[1]/Q
                         net (fo=26, routed)          1.826     2.282    contador_inst/in[1]
    SLICE_X6Y121         LUT6 (Prop_lut6_I3_O)        0.124     2.406 r  contador_inst/display_OBUF[7]_inst_i_26/O
                         net (fo=1, routed)           0.000     2.406    contador_inst/display_OBUF[7]_inst_i_26_n_0
    SLICE_X6Y121         MUXF7 (Prop_muxf7_I1_O)      0.214     2.620 r  contador_inst/display_OBUF[7]_inst_i_12/O
                         net (fo=16, routed)          1.464     4.083    scancode_to_display_inst/shift_reg[3]
    SLICE_X8Y116         LUT6 (Prop_lut6_I4_O)        0.297     4.380 r  scancode_to_display_inst/display_OBUF[5]_inst_i_2/O
                         net (fo=4, routed)           0.914     5.295    scancode_to_display_inst/display_OBUF[5]_inst_i_2_n_0
    SLICE_X6Y115         LUT5 (Prop_lut5_I0_O)        0.124     5.419 r  scancode_to_display_inst/display_OBUF[1]_inst_i_1/O
                         net (fo=1, routed)           3.679     9.098    display_OBUF[1]
    T11                  OBUF (Prop_obuf_I_O)         3.561    12.658 r  display_OBUF[1]_inst/O
                         net (fo=0)                   0.000    12.658    display[1]
    T11                                                               r  display[1] (OUT)
  -------------------------------------------------------------------    -------------------

Slack:                    inf
  Source:                 contador_inst/cont_reg[0]/C
                            (rising edge-triggered cell FDCE)
  Destination:            display[2]
                            (output port)
  Path Group:             (none)
  Path Type:              Max at Slow Process Corner
  Data Path Delay:        12.436ns  (logic 4.744ns (38.143%)  route 7.692ns (61.857%))
  Logic Levels:           6  (FDCE=1 LUT5=1 LUT6=2 MUXF7=1 OBUF=1)

    Location             Delay type                Incr(ns)  Path(ns)    Netlist Resource(s)
  -------------------------------------------------------------------    -------------------
    SLICE_X4Y114         FDCE                         0.000     0.000 r  contador_inst/cont_reg[0]/C
    SLICE_X4Y114         FDCE (Prop_fdce_C_Q)         0.456     0.456 r  contador_inst/cont_reg[0]/Q
                         net (fo=27, routed)          2.050     2.506    contador_inst/in[0]
    SLICE_X10Y118        LUT6 (Prop_lut6_I4_O)        0.124     2.630 r  contador_inst/display_OBUF[7]_inst_i_17/O
                         net (fo=1, routed)           0.000     2.630    contador_inst/display_OBUF[7]_inst_i_17_n_0
    SLICE_X10Y118        MUXF7 (Prop_muxf7_I0_O)      0.209     2.839 r  contador_inst/display_OBUF[7]_inst_i_8/O
                         net (fo=16, routed)          1.617     4.455    scancode_to_display_inst/shift_reg[1]
    SLICE_X7Y115         LUT6 (Prop_lut6_I2_O)        0.297     4.752 r  scancode_to_display_inst/display_OBUF[2]_inst_i_3/O
                         net (fo=1, routed)           0.738     5.490    scancode_to_display_inst/display_OBUF[2]_inst_i_3_n_0
    SLICE_X6Y115         LUT5 (Prop_lut5_I4_O)        0.124     5.614 r  scancode_to_display_inst/display_OBUF[2]_inst_i_1/O
                         net (fo=1, routed)           3.289     8.902    display_OBUF[2]
    P15                  OBUF (Prop_obuf_I_O)         3.534    12.436 r  display_OBUF[2]_inst/O
                         net (fo=0)                   0.000    12.436    display[2]
    P15                                                               r  display[2] (OUT)
  -------------------------------------------------------------------    -------------------

Slack:                    inf
  Source:                 rst
                            (input port)
  Destination:            display_en[6]
                            (output port)
  Path Group:             (none)
  Path Type:              Max at Slow Process Corner
  Data Path Delay:        11.930ns  (logic 5.317ns (44.570%)  route 6.613ns (55.430%))
  Logic Levels:           3  (IBUF=1 LUT4=1 OBUF=1)

    Location             Delay type                Incr(ns)  Path(ns)    Netlist Resource(s)
  -------------------------------------------------------------------    -------------------
    N17                                               0.000     0.000 r  rst (IN)
                         net (fo=0)                   0.000     0.000    rst
    N17                  IBUF (Prop_ibuf_I_O)         1.477     1.477 r  rst_IBUF_inst/O
                         net (fo=526, routed)         2.458     3.934    contador_inst/rst_IBUF
    SLICE_X4Y114         LUT4 (Prop_lut4_I3_O)        0.120     4.054 r  contador_inst/display_en_OBUF[6]_inst_i_1/O
                         net (fo=1, routed)           4.155     8.209    display_en_OBUF[6]
    K2                   OBUF (Prop_obuf_I_O)         3.721    11.930 r  display_en_OBUF[6]_inst/O
                         net (fo=0)                   0.000    11.930    display_en[6]
    K2                                                                r  display_en[6] (OUT)
  -------------------------------------------------------------------    -------------------

Slack:                    inf
  Source:                 rst
                            (input port)
  Destination:            display_en[7]
                            (output port)
  Path Group:             (none)
  Path Type:              Max at Slow Process Corner
  Data Path Delay:        11.683ns  (logic 5.390ns (46.137%)  route 6.293ns (53.863%))
  Logic Levels:           3  (IBUF=1 LUT4=1 OBUF=1)

    Location             Delay type                Incr(ns)  Path(ns)    Netlist Resource(s)
  -------------------------------------------------------------------    -------------------
    N17                                               0.000     0.000 r  rst (IN)
                         net (fo=0)                   0.000     0.000    rst
    N17                  IBUF (Prop_ibuf_I_O)         1.477     1.477 r  rst_IBUF_inst/O
                         net (fo=526, routed)         2.397     3.874    contador_inst/rst_IBUF
    SLICE_X0Y114         LUT4 (Prop_lut4_I3_O)        0.152     4.026 r  contador_inst/display_en_OBUF[7]_inst_i_1/O
                         net (fo=1, routed)           3.896     7.921    display_en_OBUF[7]
    U13                  OBUF (Prop_obuf_I_O)         3.761    11.683 r  display_en_OBUF[7]_inst/O
                         net (fo=0)                   0.000    11.683    display_en[7]
    U13                                                               r  display_en[7] (OUT)
  -------------------------------------------------------------------    -------------------

Slack:                    inf
  Source:                 rst
                            (input port)
  Destination:            display_en[2]
                            (output port)
  Path Group:             (none)
  Path Type:              Max at Slow Process Corner
  Data Path Delay:        11.418ns  (logic 5.175ns (45.321%)  route 6.243ns (54.679%))
  Logic Levels:           3  (IBUF=1 LUT4=1 OBUF=1)

    Location             Delay type                Incr(ns)  Path(ns)    Netlist Resource(s)
  -------------------------------------------------------------------    -------------------
    N17                                               0.000     0.000 r  rst (IN)
                         net (fo=0)                   0.000     0.000    rst
    N17                  IBUF (Prop_ibuf_I_O)         1.477     1.477 r  rst_IBUF_inst/O
                         net (fo=526, routed)         2.458     3.934    contador_inst/rst_IBUF
    SLICE_X4Y114         LUT4 (Prop_lut4_I3_O)        0.124     4.058 r  contador_inst/display_en_OBUF[2]_inst_i_1/O
                         net (fo=1, routed)           3.786     7.844    display_en_OBUF[2]
    T9                   OBUF (Prop_obuf_I_O)         3.574    11.418 r  display_en_OBUF[2]_inst/O
                         net (fo=0)                   0.000    11.418    display_en[2]
    T9                                                                r  display_en[2] (OUT)
  -------------------------------------------------------------------    -------------------

Slack:                    inf
  Source:                 contador_inst/cont_reg[0]/C
                            (rising edge-triggered cell FDCE)
  Destination:            display[0]
                            (output port)
  Path Group:             (none)
  Path Type:              Max at Slow Process Corner
  Data Path Delay:        11.335ns  (logic 4.747ns (41.881%)  route 6.588ns (58.119%))
  Logic Levels:           6  (FDCE=1 LUT4=1 LUT6=2 MUXF7=1 OBUF=1)

    Location             Delay type                Incr(ns)  Path(ns)    Netlist Resource(s)
  -------------------------------------------------------------------    -------------------
    SLICE_X4Y114         FDCE                         0.000     0.000 r  contador_inst/cont_reg[0]/C
    SLICE_X4Y114         FDCE (Prop_fdce_C_Q)         0.456     0.456 r  contador_inst/cont_reg[0]/Q
                         net (fo=27, routed)          2.050     2.506    contador_inst/in[0]
    SLICE_X10Y118        LUT6 (Prop_lut6_I4_O)        0.124     2.630 r  contador_inst/display_OBUF[7]_inst_i_17/O
                         net (fo=1, routed)           0.000     2.630    contador_inst/display_OBUF[7]_inst_i_17_n_0
    SLICE_X10Y118        MUXF7 (Prop_muxf7_I0_O)      0.209     2.839 r  contador_inst/display_OBUF[7]_inst_i_8/O
                         net (fo=16, routed)          1.215     4.054    scancode_to_display_inst/shift_reg[1]
    SLICE_X6Y117         LUT6 (Prop_lut6_I2_O)        0.297     4.351 r  scancode_to_display_inst/display_OBUF[0]_inst_i_2/O
                         net (fo=1, routed)           0.670     5.021    scancode_to_display_inst/display_OBUF[0]_inst_i_2_n_0
    SLICE_X6Y117         LUT4 (Prop_lut4_I0_O)        0.124     5.145 r  scancode_to_display_inst/display_OBUF[0]_inst_i_1/O
                         net (fo=1, routed)           2.653     7.798    display_OBUF[0]
    L18                  OBUF (Prop_obuf_I_O)         3.537    11.335 r  display_OBUF[0]_inst/O
                         net (fo=0)                   0.000    11.335    display[0]
    L18                                                               r  display[0] (OUT)
  -------------------------------------------------------------------    -------------------

Slack:                    inf
  Source:                 contador_inst/cont_reg[1]/C
                            (rising edge-triggered cell FDCE)
  Destination:            display[4]
                            (output port)
  Path Group:             (none)
  Path Type:              Max at Slow Process Corner
  Data Path Delay:        11.318ns  (logic 4.708ns (41.598%)  route 6.610ns (58.402%))
  Logic Levels:           6  (FDCE=1 LUT5=1 LUT6=2 MUXF7=1 OBUF=1)

    Location             Delay type                Incr(ns)  Path(ns)    Netlist Resource(s)
  -------------------------------------------------------------------    -------------------
    SLICE_X4Y114         FDCE                         0.000     0.000 r  contador_inst/cont_reg[1]/C
    SLICE_X4Y114         FDCE (Prop_fdce_C_Q)         0.456     0.456 r  contador_inst/cont_reg[1]/Q
                         net (fo=26, routed)          1.826     2.282    contador_inst/in[1]
    SLICE_X6Y121         LUT6 (Prop_lut6_I3_O)        0.124     2.406 r  contador_inst/display_OBUF[7]_inst_i_26/O
                         net (fo=1, routed)           0.000     2.406    contador_inst/display_OBUF[7]_inst_i_26_n_0
    SLICE_X6Y121         MUXF7 (Prop_muxf7_I1_O)      0.214     2.620 r  contador_inst/display_OBUF[7]_inst_i_12/O
                         net (fo=16, routed)          1.464     4.083    scancode_to_display_inst/shift_reg[3]
    SLICE_X8Y116         LUT6 (Prop_lut6_I4_O)        0.297     4.380 r  scancode_to_display_inst/display_OBUF[5]_inst_i_2/O
                         net (fo=4, routed)           1.055     5.436    scancode_to_display_inst/display_OBUF[5]_inst_i_2_n_0
    SLICE_X7Y115         LUT5 (Prop_lut5_I0_O)        0.124     5.560 r  scancode_to_display_inst/display_OBUF[4]_inst_i_1/O
                         net (fo=1, routed)           2.265     7.825    display_OBUF[4]
    K16                  OBUF (Prop_obuf_I_O)         3.493    11.318 r  display_OBUF[4]_inst/O
                         net (fo=0)                   0.000    11.318    display[4]
    K16                                                               r  display[4] (OUT)
  -------------------------------------------------------------------    -------------------

Slack:                    inf
  Source:                 contador_inst/cont_reg[0]/C
                            (rising edge-triggered cell FDCE)
  Destination:            display[7]
                            (output port)
  Path Group:             (none)
  Path Type:              Max at Slow Process Corner
  Data Path Delay:        10.982ns  (logic 4.749ns (43.241%)  route 6.233ns (56.759%))
  Logic Levels:           6  (FDCE=1 LUT3=1 LUT6=2 MUXF7=1 OBUF=1)

    Location             Delay type                Incr(ns)  Path(ns)    Netlist Resource(s)
  -------------------------------------------------------------------    -------------------
    SLICE_X4Y114         FDCE                         0.000     0.000 r  contador_inst/cont_reg[0]/C
    SLICE_X4Y114         FDCE (Prop_fdce_C_Q)         0.456     0.456 r  contador_inst/cont_reg[0]/Q
                         net (fo=27, routed)          2.050     2.506    contador_inst/in[0]
    SLICE_X10Y118        LUT6 (Prop_lut6_I4_O)        0.124     2.630 r  contador_inst/display_OBUF[7]_inst_i_17/O
                         net (fo=1, routed)           0.000     2.630    contador_inst/display_OBUF[7]_inst_i_17_n_0
    SLICE_X10Y118        MUXF7 (Prop_muxf7_I0_O)      0.209     2.839 r  contador_inst/display_OBUF[7]_inst_i_8/O
                         net (fo=16, routed)          1.590     4.429    scancode_to_display_inst/shift_reg[1]
    SLICE_X6Y118         LUT6 (Prop_lut6_I1_O)        0.297     4.726 r  scancode_to_display_inst/display_OBUF[7]_inst_i_3/O
                         net (fo=1, routed)           0.680     5.406    scancode_to_display_inst/display_OBUF[7]_inst_i_3_n_0
    SLICE_X6Y118         LUT3 (Prop_lut3_I1_O)        0.124     5.530 r  scancode_to_display_inst/display_OBUF[7]_inst_i_1/O
                         net (fo=1, routed)           1.913     7.443    display_OBUF[7]
    H15                  OBUF (Prop_obuf_I_O)         3.539    10.982 r  display_OBUF[7]_inst/O
                         net (fo=0)                   0.000    10.982    display[7]
    H15                                                               r  display[7] (OUT)
  -------------------------------------------------------------------    -------------------





Min Delay Paths
--------------------------------------------------------------------------------------
Slack:                    inf
  Source:                 cont_data_inst/cont_reg[0]/C
                            (rising edge-triggered cell FDCE)
  Destination:            cont_data_inst/cont_reg[1]/D
  Path Group:             (none)
  Path Type:              Min at Fast Process Corner
  Data Path Delay:        0.307ns  (logic 0.186ns (60.539%)  route 0.121ns (39.461%))
  Logic Levels:           2  (FDCE=1 LUT4=1)

    Location             Delay type                Incr(ns)  Path(ns)    Netlist Resource(s)
  -------------------------------------------------------------------    -------------------
    SLICE_X11Y114        FDCE                         0.000     0.000 r  cont_data_inst/cont_reg[0]/C
    SLICE_X11Y114        FDCE (Prop_fdce_C_Q)         0.141     0.141 r  cont_data_inst/cont_reg[0]/Q
                         net (fo=13, routed)          0.121     0.262    cont_data_inst/cont_data[0]
    SLICE_X10Y114        LUT4 (Prop_lut4_I3_O)        0.045     0.307 r  cont_data_inst/cont[1]_i_1/O
                         net (fo=1, routed)           0.000     0.307    cont_data_inst/p_0_in[1]
    SLICE_X10Y114        FDCE                                         r  cont_data_inst/cont_reg[1]/D
  -------------------------------------------------------------------    -------------------

Slack:                    inf
  Source:                 cont_data_inst/cont_reg[0]/C
                            (rising edge-triggered cell FDCE)
  Destination:            cont_data_inst/cont_reg[2]/D
  Path Group:             (none)
  Path Type:              Min at Fast Process Corner
  Data Path Delay:        0.310ns  (logic 0.189ns (60.920%)  route 0.121ns (39.080%))
  Logic Levels:           2  (FDCE=1 LUT3=1)

    Location             Delay type                Incr(ns)  Path(ns)    Netlist Resource(s)
  -------------------------------------------------------------------    -------------------
    SLICE_X11Y114        FDCE                         0.000     0.000 r  cont_data_inst/cont_reg[0]/C
    SLICE_X11Y114        FDCE (Prop_fdce_C_Q)         0.141     0.141 r  cont_data_inst/cont_reg[0]/Q
                         net (fo=13, routed)          0.121     0.262    cont_data_inst/cont_data[0]
    SLICE_X10Y114        LUT3 (Prop_lut3_I2_O)        0.048     0.310 r  cont_data_inst/cont[2]_i_1__0/O
                         net (fo=1, routed)           0.000     0.310    cont_data_inst/p_0_in[2]
    SLICE_X10Y114        FDCE                                         r  cont_data_inst/cont_reg[2]/D
  -------------------------------------------------------------------    -------------------

Slack:                    inf
  Source:                 cont_data_inst/cont_reg[1]/C
                            (rising edge-triggered cell FDCE)
  Destination:            cont_data_inst/cont_reg[0]/D
  Path Group:             (none)
  Path Type:              Min at Fast Process Corner
  Data Path Delay:        0.325ns  (logic 0.209ns (64.219%)  route 0.116ns (35.781%))
  Logic Levels:           2  (FDCE=1 LUT4=1)

    Location             Delay type                Incr(ns)  Path(ns)    Netlist Resource(s)
  -------------------------------------------------------------------    -------------------
    SLICE_X10Y114        FDCE                         0.000     0.000 r  cont_data_inst/cont_reg[1]/C
    SLICE_X10Y114        FDCE (Prop_fdce_C_Q)         0.164     0.164 f  cont_data_inst/cont_reg[1]/Q
                         net (fo=13, routed)          0.116     0.280    cont_data_inst/cont_data[1]
    SLICE_X11Y114        LUT4 (Prop_lut4_I1_O)        0.045     0.325 r  cont_data_inst/cont[0]_i_1__0/O
                         net (fo=1, routed)           0.000     0.325    cont_data_inst/p_0_in[0]
    SLICE_X11Y114        FDCE                                         r  cont_data_inst/cont_reg[0]/D
  -------------------------------------------------------------------    -------------------

Slack:                    inf
  Source:                 cont_data_inst/cont_reg[1]/C
                            (rising edge-triggered cell FDCE)
  Destination:            cont_data_inst/cont_reg[3]/D
  Path Group:             (none)
  Path Type:              Min at Fast Process Corner
  Data Path Delay:        0.328ns  (logic 0.212ns (64.546%)  route 0.116ns (35.454%))
  Logic Levels:           2  (FDCE=1 LUT4=1)

    Location             Delay type                Incr(ns)  Path(ns)    Netlist Resource(s)
  -------------------------------------------------------------------    -------------------
    SLICE_X10Y114        FDCE                         0.000     0.000 r  cont_data_inst/cont_reg[1]/C
    SLICE_X10Y114        FDCE (Prop_fdce_C_Q)         0.164     0.164 r  cont_data_inst/cont_reg[1]/Q
                         net (fo=13, routed)          0.116     0.280    cont_data_inst/cont_data[1]
    SLICE_X11Y114        LUT4 (Prop_lut4_I1_O)        0.048     0.328 r  cont_data_inst/cont[3]_i_1/O
                         net (fo=1, routed)           0.000     0.328    cont_data_inst/p_0_in[3]
    SLICE_X11Y114        FDCE                                         r  cont_data_inst/cont_reg[3]/D
  -------------------------------------------------------------------    -------------------

Slack:                    inf
  Source:                 contador_inst/cont_reg[1]/C
                            (rising edge-triggered cell FDCE)
  Destination:            contador_inst/cont_reg[2]/D
  Path Group:             (none)
  Path Type:              Min at Fast Process Corner
  Data Path Delay:        0.392ns  (logic 0.183ns (46.668%)  route 0.209ns (53.332%))
  Logic Levels:           2  (FDCE=1 LUT3=1)

    Location             Delay type                Incr(ns)  Path(ns)    Netlist Resource(s)
  -------------------------------------------------------------------    -------------------
    SLICE_X4Y114         FDCE                         0.000     0.000 r  contador_inst/cont_reg[1]/C
    SLICE_X4Y114         FDCE (Prop_fdce_C_Q)         0.141     0.141 r  contador_inst/cont_reg[1]/Q
                         net (fo=26, routed)          0.209     0.350    contador_inst/in[1]
    SLICE_X4Y114         LUT3 (Prop_lut3_I1_O)        0.042     0.392 r  contador_inst/cont[2]_i_1/O
                         net (fo=1, routed)           0.000     0.392    contador_inst/cont[2]_i_1_n_0
    SLICE_X4Y114         FDCE                                         r  contador_inst/cont_reg[2]/D
  -------------------------------------------------------------------    -------------------

Slack:                    inf
  Source:                 contador_inst/cont_reg[1]/C
                            (rising edge-triggered cell FDCE)
  Destination:            contador_inst/cont_reg[1]/D
  Path Group:             (none)
  Path Type:              Min at Fast Process Corner
  Data Path Delay:        0.395ns  (logic 0.186ns (47.073%)  route 0.209ns (52.927%))
  Logic Levels:           2  (FDCE=1 LUT2=1)

    Location             Delay type                Incr(ns)  Path(ns)    Netlist Resource(s)
  -------------------------------------------------------------------    -------------------
    SLICE_X4Y114         FDCE                         0.000     0.000 r  contador_inst/cont_reg[1]/C
    SLICE_X4Y114         FDCE (Prop_fdce_C_Q)         0.141     0.141 r  contador_inst/cont_reg[1]/Q
                         net (fo=26, routed)          0.209     0.350    contador_inst/in[1]
    SLICE_X4Y114         LUT2 (Prop_lut2_I0_O)        0.045     0.395 r  contador_inst/cont[1]_i_1__0/O
                         net (fo=1, routed)           0.000     0.395    contador_inst/cont[1]_i_1__0_n_0
    SLICE_X4Y114         FDCE                                         r  contador_inst/cont_reg[1]/D
  -------------------------------------------------------------------    -------------------

Slack:                    inf
  Source:                 contador_inst/cont_reg[0]/C
                            (rising edge-triggered cell FDCE)
  Destination:            contador_inst/cont_reg[0]/D
  Path Group:             (none)
  Path Type:              Min at Fast Process Corner
  Data Path Delay:        0.457ns  (logic 0.186ns (40.699%)  route 0.271ns (59.301%))
  Logic Levels:           2  (FDCE=1 LUT1=1)

    Location             Delay type                Incr(ns)  Path(ns)    Netlist Resource(s)
  -------------------------------------------------------------------    -------------------
    SLICE_X4Y114         FDCE                         0.000     0.000 r  contador_inst/cont_reg[0]/C
    SLICE_X4Y114         FDCE (Prop_fdce_C_Q)         0.141     0.141 f  contador_inst/cont_reg[0]/Q
                         net (fo=27, routed)          0.271     0.412    contador_inst/in[0]
    SLICE_X4Y114         LUT1 (Prop_lut1_I0_O)        0.045     0.457 r  contador_inst/cont[0]_i_1/O
                         net (fo=1, routed)           0.000     0.457    contador_inst/cont[0]_i_1_n_0
    SLICE_X4Y114         FDCE                                         r  contador_inst/cont_reg[0]/D
  -------------------------------------------------------------------    -------------------

Slack:                    inf
  Source:                 cont_data_inst/cont_reg[2]/C
                            (rising edge-triggered cell FDCE)
  Destination:            data_reg[0]/CE
  Path Group:             (none)
  Path Type:              Min at Fast Process Corner
  Data Path Delay:        0.509ns  (logic 0.246ns (48.314%)  route 0.263ns (51.686%))
  Logic Levels:           2  (FDCE=1 LUT6=1)

    Location             Delay type                Incr(ns)  Path(ns)    Netlist Resource(s)
  -------------------------------------------------------------------    -------------------
    SLICE_X10Y114        FDCE                         0.000     0.000 r  cont_data_inst/cont_reg[2]/C
    SLICE_X10Y114        FDCE (Prop_fdce_C_Q)         0.148     0.148 f  cont_data_inst/cont_reg[2]/Q
                         net (fo=13, routed)          0.087     0.235    cont_data_inst/cont_data[2]
    SLICE_X10Y114        LUT6 (Prop_lut6_I1_O)        0.098     0.333 r  cont_data_inst/data[0]_i_1/O
                         net (fo=1, routed)           0.176     0.509    data[0]
    SLICE_X10Y116        FDRE                                         r  data_reg[0]/CE
  -------------------------------------------------------------------    -------------------

Slack:                    inf
  Source:                 cont_data_inst/cont_reg[3]/C
                            (rising edge-triggered cell FDCE)
  Destination:            data_reg[3]/CE
  Path Group:             (none)
  Path Type:              Min at Fast Process Corner
  Data Path Delay:        0.539ns  (logic 0.227ns (42.083%)  route 0.312ns (57.917%))
  Logic Levels:           2  (FDCE=1 LUT6=1)

    Location             Delay type                Incr(ns)  Path(ns)    Netlist Resource(s)
  -------------------------------------------------------------------    -------------------
    SLICE_X11Y114        FDCE                         0.000     0.000 r  cont_data_inst/cont_reg[3]/C
    SLICE_X11Y114        FDCE (Prop_fdce_C_Q)         0.128     0.128 f  cont_data_inst/cont_reg[3]/Q
                         net (fo=12, routed)          0.184     0.312    cont_data_inst/cont_data[3]
    SLICE_X10Y116        LUT6 (Prop_lut6_I4_O)        0.099     0.411 r  cont_data_inst/data[3]_i_1/O
                         net (fo=8, routed)           0.128     0.539    data[3]
    SLICE_X8Y116         FDRE                                         r  data_reg[3]/CE
  -------------------------------------------------------------------    -------------------

Slack:                    inf
  Source:                 cont_data_inst/cont_reg[3]/C
                            (rising edge-triggered cell FDCE)
  Destination:            data_reg[6]/CE
  Path Group:             (none)
  Path Type:              Min at Fast Process Corner
  Data Path Delay:        0.601ns  (logic 0.227ns (37.766%)  route 0.374ns (62.234%))
  Logic Levels:           2  (FDCE=1 LUT6=1)

    Location             Delay type                Incr(ns)  Path(ns)    Netlist Resource(s)
  -------------------------------------------------------------------    -------------------
    SLICE_X11Y114        FDCE                         0.000     0.000 r  cont_data_inst/cont_reg[3]/C
    SLICE_X11Y114        FDCE (Prop_fdce_C_Q)         0.128     0.128 f  cont_data_inst/cont_reg[3]/Q
                         net (fo=12, routed)          0.252     0.380    cont_data_inst/cont_data[3]
    SLICE_X10Y116        LUT6 (Prop_lut6_I4_O)        0.099     0.479 r  cont_data_inst/data[6]_i_1/O
                         net (fo=9, routed)           0.122     0.601    data[6]
    SLICE_X10Y117        FDRE                                         r  data_reg[6]/CE
  -------------------------------------------------------------------    -------------------





--------------------------------------------------------------------------------------
Path Group:  (none)
From Clock:  clock_master
  To Clock:  

Max Delay            35 Endpoints
Min Delay            35 Endpoints
--------------------------------------------------------------------------------------


Max Delay Paths
--------------------------------------------------------------------------------------
Slack:                    inf
  Source:                 genblk1[1].shift_reg_reg[2][3]/C
                            (rising edge-triggered cell FDCE clocked by clock_master  {rise@0.000ns fall@5.000ns period=10.000ns})
  Destination:            display[5]
                            (output port)
  Path Group:             (none)
  Path Type:              Max at Slow Process Corner
  Data Path Delay:        12.391ns  (logic 4.827ns (38.961%)  route 7.563ns (61.039%))
  Logic Levels:           5  (LUT5=1 LUT6=2 MUXF7=1 OBUF=1)
  Clock Uncertainty:      0.025ns  ((TSJ^2 + TIJ^2)^1/2 + DJ) / 2 + PE
    Total System Jitter     (TSJ):    0.050ns
    Total Input Jitter      (TIJ):    0.000ns
    Discrete Jitter          (DJ):    0.000ns
    Phase Error              (PE):    0.000ns

    Location             Delay type                Incr(ns)  Path(ns)    Netlist Resource(s)
  -------------------------------------------------------------------    -------------------
                         (clock clock_master rise edge)
                                                      0.000     0.000 r  
    E3                                                0.000     0.000 r  clk (IN)
                         net (fo=0)                   0.000     0.000    clk
    E3                   IBUF (Prop_ibuf_I_O)         1.482     1.482 r  clk_IBUF_inst/O
                         net (fo=1, routed)           2.025     3.506    clk_IBUF
    BUFGCTRL_X0Y16       BUFG (Prop_bufg_I_O)         0.096     3.602 r  clk_IBUF_BUFG_inst/O
                         net (fo=550, routed)         1.694     5.296    clk_IBUF_BUFG
    SLICE_X6Y121         FDCE                                         r  genblk1[1].shift_reg_reg[2][3]/C
  -------------------------------------------------------------------    -------------------
    SLICE_X6Y121         FDCE (Prop_fdce_C_Q)         0.518     5.814 r  genblk1[1].shift_reg_reg[2][3]/Q
                         net (fo=3, routed)           1.021     6.835    contador_inst/display_OBUF[7]_inst_i_4_1[3]
    SLICE_X6Y121         LUT6 (Prop_lut6_I2_O)        0.124     6.959 r  contador_inst/display_OBUF[7]_inst_i_25/O
                         net (fo=1, routed)           0.000     6.959    contador_inst/display_OBUF[7]_inst_i_25_n_0
    SLICE_X6Y121         MUXF7 (Prop_muxf7_I0_O)      0.209     7.168 r  contador_inst/display_OBUF[7]_inst_i_12/O
                         net (fo=16, routed)          1.833     9.001    scancode_to_display_inst/shift_reg[3]
    SLICE_X8Y116         LUT6 (Prop_lut6_I4_O)        0.297     9.298 r  scancode_to_display_inst/display_OBUF[5]_inst_i_4/O
                         net (fo=1, routed)           0.466     9.764    scancode_to_display_inst/display_OBUF[5]_inst_i_4_n_0
    SLICE_X8Y116         LUT5 (Prop_lut5_I4_O)        0.124     9.888 r  scancode_to_display_inst/display_OBUF[5]_inst_i_1/O
                         net (fo=1, routed)           4.244    14.131    display_OBUF[5]
    R10                  OBUF (Prop_obuf_I_O)         3.555    17.687 r  display_OBUF[5]_inst/O
                         net (fo=0)                   0.000    17.687    display[5]
    R10                                                               r  display[5] (OUT)
  -------------------------------------------------------------------    -------------------

Slack:                    inf
  Source:                 genblk1[1].shift_reg_reg[2][3]/C
                            (rising edge-triggered cell FDCE clocked by clock_master  {rise@0.000ns fall@5.000ns period=10.000ns})
  Destination:            display[1]
                            (output port)
  Path Group:             (none)
  Path Type:              Max at Slow Process Corner
  Data Path Delay:        11.910ns  (logic 4.833ns (40.575%)  route 7.078ns (59.425%))
  Logic Levels:           5  (LUT5=1 LUT6=2 MUXF7=1 OBUF=1)
  Clock Uncertainty:      0.025ns  ((TSJ^2 + TIJ^2)^1/2 + DJ) / 2 + PE
    Total System Jitter     (TSJ):    0.050ns
    Total Input Jitter      (TIJ):    0.000ns
    Discrete Jitter          (DJ):    0.000ns
    Phase Error              (PE):    0.000ns

    Location             Delay type                Incr(ns)  Path(ns)    Netlist Resource(s)
  -------------------------------------------------------------------    -------------------
                         (clock clock_master rise edge)
                                                      0.000     0.000 r  
    E3                                                0.000     0.000 r  clk (IN)
                         net (fo=0)                   0.000     0.000    clk
    E3                   IBUF (Prop_ibuf_I_O)         1.482     1.482 r  clk_IBUF_inst/O
                         net (fo=1, routed)           2.025     3.506    clk_IBUF
    BUFGCTRL_X0Y16       BUFG (Prop_bufg_I_O)         0.096     3.602 r  clk_IBUF_BUFG_inst/O
                         net (fo=550, routed)         1.694     5.296    clk_IBUF_BUFG
    SLICE_X6Y121         FDCE                                         r  genblk1[1].shift_reg_reg[2][3]/C
  -------------------------------------------------------------------    -------------------
    SLICE_X6Y121         FDCE (Prop_fdce_C_Q)         0.518     5.814 r  genblk1[1].shift_reg_reg[2][3]/Q
                         net (fo=3, routed)           1.021     6.835    contador_inst/display_OBUF[7]_inst_i_4_1[3]
    SLICE_X6Y121         LUT6 (Prop_lut6_I2_O)        0.124     6.959 r  contador_inst/display_OBUF[7]_inst_i_25/O
                         net (fo=1, routed)           0.000     6.959    contador_inst/display_OBUF[7]_inst_i_25_n_0
    SLICE_X6Y121         MUXF7 (Prop_muxf7_I0_O)      0.209     7.168 r  contador_inst/display_OBUF[7]_inst_i_12/O
                         net (fo=16, routed)          1.464     8.632    scancode_to_display_inst/shift_reg[3]
    SLICE_X8Y116         LUT6 (Prop_lut6_I4_O)        0.297     8.929 r  scancode_to_display_inst/display_OBUF[5]_inst_i_2/O
                         net (fo=4, routed)           0.914     9.843    scancode_to_display_inst/display_OBUF[5]_inst_i_2_n_0
    SLICE_X6Y115         LUT5 (Prop_lut5_I0_O)        0.124     9.967 r  scancode_to_display_inst/display_OBUF[1]_inst_i_1/O
                         net (fo=1, routed)           3.679    13.646    display_OBUF[1]
    T11                  OBUF (Prop_obuf_I_O)         3.561    17.207 r  display_OBUF[1]_inst/O
                         net (fo=0)                   0.000    17.207    display[1]
    T11                                                               r  display[1] (OUT)
  -------------------------------------------------------------------    -------------------

Slack:                    inf
  Source:                 genblk1[4].shift_reg_reg[5][1]/C
                            (rising edge-triggered cell FDCE clocked by clock_master  {rise@0.000ns fall@5.000ns period=10.000ns})
  Destination:            display[6]
                            (output port)
  Path Group:             (none)
  Path Type:              Max at Slow Process Corner
  Data Path Delay:        11.919ns  (logic 4.854ns (40.725%)  route 7.065ns (59.275%))
  Logic Levels:           5  (LUT4=1 LUT6=2 MUXF7=1 OBUF=1)
  Clock Uncertainty:      0.025ns  ((TSJ^2 + TIJ^2)^1/2 + DJ) / 2 + PE
    Total System Jitter     (TSJ):    0.050ns
    Total Input Jitter      (TIJ):    0.000ns
    Discrete Jitter          (DJ):    0.000ns
    Phase Error              (PE):    0.000ns

    Location             Delay type                Incr(ns)  Path(ns)    Netlist Resource(s)
  -------------------------------------------------------------------    -------------------
                         (clock clock_master rise edge)
                                                      0.000     0.000 r  
    E3                                                0.000     0.000 r  clk (IN)
                         net (fo=0)                   0.000     0.000    clk
    E3                   IBUF (Prop_ibuf_I_O)         1.482     1.482 r  clk_IBUF_inst/O
                         net (fo=1, routed)           2.025     3.506    clk_IBUF
    BUFGCTRL_X0Y16       BUFG (Prop_bufg_I_O)         0.096     3.602 r  clk_IBUF_BUFG_inst/O
                         net (fo=550, routed)         1.618     5.220    clk_IBUF_BUFG
    SLICE_X10Y120        FDCE                                         r  genblk1[4].shift_reg_reg[5][1]/C
  -------------------------------------------------------------------    -------------------
    SLICE_X10Y120        FDCE (Prop_fdce_C_Q)         0.518     5.738 r  genblk1[4].shift_reg_reg[5][1]/Q
                         net (fo=3, routed)           0.991     6.729    contador_inst/display_OBUF[7]_inst_i_4_4[1]
    SLICE_X10Y118        LUT6 (Prop_lut6_I1_O)        0.124     6.853 r  contador_inst/display_OBUF[7]_inst_i_18/O
                         net (fo=1, routed)           0.000     6.853    contador_inst/display_OBUF[7]_inst_i_18_n_0
    SLICE_X10Y118        MUXF7 (Prop_muxf7_I1_O)      0.214     7.067 r  contador_inst/display_OBUF[7]_inst_i_8/O
                         net (fo=16, routed)          1.419     8.487    scancode_to_display_inst/shift_reg[1]
    SLICE_X7Y117         LUT6 (Prop_lut6_I1_O)        0.297     8.784 r  scancode_to_display_inst/display_OBUF[6]_inst_i_2/O
                         net (fo=1, routed)           0.665     9.449    scancode_to_display_inst/display_OBUF[6]_inst_i_2_n_0
    SLICE_X7Y117         LUT4 (Prop_lut4_I0_O)        0.124     9.573 r  scancode_to_display_inst/display_OBUF[6]_inst_i_1/O
                         net (fo=1, routed)           3.989    13.562    display_OBUF[6]
    T10                  OBUF (Prop_obuf_I_O)         3.577    17.139 r  display_OBUF[6]_inst/O
                         net (fo=0)                   0.000    17.139    display[6]
    T10                                                               r  display[6] (OUT)
  -------------------------------------------------------------------    -------------------

Slack:                    inf
  Source:                 genblk1[1].shift_reg_reg[2][3]/C
                            (rising edge-triggered cell FDCE clocked by clock_master  {rise@0.000ns fall@5.000ns period=10.000ns})
  Destination:            display[2]
                            (output port)
  Path Group:             (none)
  Path Type:              Max at Slow Process Corner
  Data Path Delay:        11.442ns  (logic 4.806ns (42.000%)  route 6.636ns (58.000%))
  Logic Levels:           5  (LUT5=1 LUT6=2 MUXF7=1 OBUF=1)
  Clock Uncertainty:      0.025ns  ((TSJ^2 + TIJ^2)^1/2 + DJ) / 2 + PE
    Total System Jitter     (TSJ):    0.050ns
    Total Input Jitter      (TIJ):    0.000ns
    Discrete Jitter          (DJ):    0.000ns
    Phase Error              (PE):    0.000ns

    Location             Delay type                Incr(ns)  Path(ns)    Netlist Resource(s)
  -------------------------------------------------------------------    -------------------
                         (clock clock_master rise edge)
                                                      0.000     0.000 r  
    E3                                                0.000     0.000 r  clk (IN)
                         net (fo=0)                   0.000     0.000    clk
    E3                   IBUF (Prop_ibuf_I_O)         1.482     1.482 r  clk_IBUF_inst/O
                         net (fo=1, routed)           2.025     3.506    clk_IBUF
    BUFGCTRL_X0Y16       BUFG (Prop_bufg_I_O)         0.096     3.602 r  clk_IBUF_BUFG_inst/O
                         net (fo=550, routed)         1.694     5.296    clk_IBUF_BUFG
    SLICE_X6Y121         FDCE                                         r  genblk1[1].shift_reg_reg[2][3]/C
  -------------------------------------------------------------------    -------------------
    SLICE_X6Y121         FDCE (Prop_fdce_C_Q)         0.518     5.814 r  genblk1[1].shift_reg_reg[2][3]/Q
                         net (fo=3, routed)           1.021     6.835    contador_inst/display_OBUF[7]_inst_i_4_1[3]
    SLICE_X6Y121         LUT6 (Prop_lut6_I2_O)        0.124     6.959 r  contador_inst/display_OBUF[7]_inst_i_25/O
                         net (fo=1, routed)           0.000     6.959    contador_inst/display_OBUF[7]_inst_i_25_n_0
    SLICE_X6Y121         MUXF7 (Prop_muxf7_I0_O)      0.209     7.168 r  contador_inst/display_OBUF[7]_inst_i_12/O
                         net (fo=16, routed)          1.464     8.632    scancode_to_display_inst/shift_reg[3]
    SLICE_X8Y116         LUT6 (Prop_lut6_I4_O)        0.297     8.929 r  scancode_to_display_inst/display_OBUF[5]_inst_i_2/O
                         net (fo=4, routed)           0.863     9.792    scancode_to_display_inst/display_OBUF[5]_inst_i_2_n_0
    SLICE_X6Y115         LUT5 (Prop_lut5_I0_O)        0.124     9.916 r  scancode_to_display_inst/display_OBUF[2]_inst_i_1/O
                         net (fo=1, routed)           3.289    13.204    display_OBUF[2]
    P15                  OBUF (Prop_obuf_I_O)         3.534    16.738 r  display_OBUF[2]_inst/O
                         net (fo=0)                   0.000    16.738    display[2]
    P15                                                               r  display[2] (OUT)
  -------------------------------------------------------------------    -------------------

Slack:                    inf
  Source:                 genblk1[1].shift_reg_reg[2][0]/C
                            (rising edge-triggered cell FDCE clocked by clock_master  {rise@0.000ns fall@5.000ns period=10.000ns})
  Destination:            display[0]
                            (output port)
  Path Group:             (none)
  Path Type:              Max at Slow Process Corner
  Data Path Delay:        10.676ns  (logic 4.809ns (45.046%)  route 5.867ns (54.954%))
  Logic Levels:           5  (LUT4=1 LUT6=2 MUXF7=1 OBUF=1)
  Clock Uncertainty:      0.025ns  ((TSJ^2 + TIJ^2)^1/2 + DJ) / 2 + PE
    Total System Jitter     (TSJ):    0.050ns
    Total Input Jitter      (TIJ):    0.000ns
    Discrete Jitter          (DJ):    0.000ns
    Phase Error              (PE):    0.000ns

    Location             Delay type                Incr(ns)  Path(ns)    Netlist Resource(s)
  -------------------------------------------------------------------    -------------------
                         (clock clock_master rise edge)
                                                      0.000     0.000 r  
    E3                                                0.000     0.000 r  clk (IN)
                         net (fo=0)                   0.000     0.000    clk
    E3                   IBUF (Prop_ibuf_I_O)         1.482     1.482 r  clk_IBUF_inst/O
                         net (fo=1, routed)           2.025     3.506    clk_IBUF
    BUFGCTRL_X0Y16       BUFG (Prop_bufg_I_O)         0.096     3.602 r  clk_IBUF_BUFG_inst/O
                         net (fo=550, routed)         1.621     5.223    clk_IBUF_BUFG
    SLICE_X12Y117        FDCE                                         r  genblk1[1].shift_reg_reg[2][0]/C
  -------------------------------------------------------------------    -------------------
    SLICE_X12Y117        FDCE (Prop_fdce_C_Q)         0.518     5.741 r  genblk1[1].shift_reg_reg[2][0]/Q
                         net (fo=3, routed)           0.961     6.703    contador_inst/display_OBUF[7]_inst_i_4_1[0]
    SLICE_X12Y116        LUT6 (Prop_lut6_I2_O)        0.124     6.827 r  contador_inst/display_OBUF[7]_inst_i_15/O
                         net (fo=1, routed)           0.000     6.827    contador_inst/display_OBUF[7]_inst_i_15_n_0
    SLICE_X12Y116        MUXF7 (Prop_muxf7_I0_O)      0.209     7.036 r  contador_inst/display_OBUF[7]_inst_i_7/O
                         net (fo=16, routed)          1.583     8.619    scancode_to_display_inst/shift_reg[0]
    SLICE_X6Y117         LUT6 (Prop_lut6_I0_O)        0.297     8.916 r  scancode_to_display_inst/display_OBUF[0]_inst_i_2/O
                         net (fo=1, routed)           0.670     9.586    scancode_to_display_inst/display_OBUF[0]_inst_i_2_n_0
    SLICE_X6Y117         LUT4 (Prop_lut4_I0_O)        0.124     9.710 r  scancode_to_display_inst/display_OBUF[0]_inst_i_1/O
                         net (fo=1, routed)           2.653    12.362    display_OBUF[0]
    L18                  OBUF (Prop_obuf_I_O)         3.537    15.900 r  display_OBUF[0]_inst/O
                         net (fo=0)                   0.000    15.900    display[0]
    L18                                                               r  display[0] (OUT)
  -------------------------------------------------------------------    -------------------

Slack:                    inf
  Source:                 genblk1[1].shift_reg_reg[2][3]/C
                            (rising edge-triggered cell FDCE clocked by clock_master  {rise@0.000ns fall@5.000ns period=10.000ns})
  Destination:            display[4]
                            (output port)
  Path Group:             (none)
  Path Type:              Max at Slow Process Corner
  Data Path Delay:        10.570ns  (logic 4.765ns (45.081%)  route 5.805ns (54.919%))
  Logic Levels:           5  (LUT5=1 LUT6=2 MUXF7=1 OBUF=1)
  Clock Uncertainty:      0.025ns  ((TSJ^2 + TIJ^2)^1/2 + DJ) / 2 + PE
    Total System Jitter     (TSJ):    0.050ns
    Total Input Jitter      (TIJ):    0.000ns
    Discrete Jitter          (DJ):    0.000ns
    Phase Error              (PE):    0.000ns

    Location             Delay type                Incr(ns)  Path(ns)    Netlist Resource(s)
  -------------------------------------------------------------------    -------------------
                         (clock clock_master rise edge)
                                                      0.000     0.000 r  
    E3                                                0.000     0.000 r  clk (IN)
                         net (fo=0)                   0.000     0.000    clk
    E3                   IBUF (Prop_ibuf_I_O)         1.482     1.482 r  clk_IBUF_inst/O
                         net (fo=1, routed)           2.025     3.506    clk_IBUF
    BUFGCTRL_X0Y16       BUFG (Prop_bufg_I_O)         0.096     3.602 r  clk_IBUF_BUFG_inst/O
                         net (fo=550, routed)         1.694     5.296    clk_IBUF_BUFG
    SLICE_X6Y121         FDCE                                         r  genblk1[1].shift_reg_reg[2][3]/C
  -------------------------------------------------------------------    -------------------
    SLICE_X6Y121         FDCE (Prop_fdce_C_Q)         0.518     5.814 r  genblk1[1].shift_reg_reg[2][3]/Q
                         net (fo=3, routed)           1.021     6.835    contador_inst/display_OBUF[7]_inst_i_4_1[3]
    SLICE_X6Y121         LUT6 (Prop_lut6_I2_O)        0.124     6.959 r  contador_inst/display_OBUF[7]_inst_i_25/O
                         net (fo=1, routed)           0.000     6.959    contador_inst/display_OBUF[7]_inst_i_25_n_0
    SLICE_X6Y121         MUXF7 (Prop_muxf7_I0_O)      0.209     7.168 r  contador_inst/display_OBUF[7]_inst_i_12/O
                         net (fo=16, routed)          1.464     8.632    scancode_to_display_inst/shift_reg[3]
    SLICE_X8Y116         LUT6 (Prop_lut6_I4_O)        0.297     8.929 r  scancode_to_display_inst/display_OBUF[5]_inst_i_2/O
                         net (fo=4, routed)           1.055     9.984    scancode_to_display_inst/display_OBUF[5]_inst_i_2_n_0
    SLICE_X7Y115         LUT5 (Prop_lut5_I0_O)        0.124    10.108 r  scancode_to_display_inst/display_OBUF[4]_inst_i_1/O
                         net (fo=1, routed)           2.265    12.373    display_OBUF[4]
    K16                  OBUF (Prop_obuf_I_O)         3.493    15.866 r  display_OBUF[4]_inst/O
                         net (fo=0)                   0.000    15.866    display[4]
    K16                                                               r  display[4] (OUT)
  -------------------------------------------------------------------    -------------------

Slack:                    inf
  Source:                 genblk1[4].shift_reg_reg[5][1]/C
                            (rising edge-triggered cell FDCE clocked by clock_master  {rise@0.000ns fall@5.000ns period=10.000ns})
  Destination:            display[7]
                            (output port)
  Path Group:             (none)
  Path Type:              Max at Slow Process Corner
  Data Path Delay:        9.990ns  (logic 4.816ns (48.204%)  route 5.175ns (51.796%))
  Logic Levels:           5  (LUT3=1 LUT6=2 MUXF7=1 OBUF=1)
  Clock Uncertainty:      0.025ns  ((TSJ^2 + TIJ^2)^1/2 + DJ) / 2 + PE
    Total System Jitter     (TSJ):    0.050ns
    Total Input Jitter      (TIJ):    0.000ns
    Discrete Jitter          (DJ):    0.000ns
    Phase Error              (PE):    0.000ns

    Location             Delay type                Incr(ns)  Path(ns)    Netlist Resource(s)
  -------------------------------------------------------------------    -------------------
                         (clock clock_master rise edge)
                                                      0.000     0.000 r  
    E3                                                0.000     0.000 r  clk (IN)
                         net (fo=0)                   0.000     0.000    clk
    E3                   IBUF (Prop_ibuf_I_O)         1.482     1.482 r  clk_IBUF_inst/O
                         net (fo=1, routed)           2.025     3.506    clk_IBUF
    BUFGCTRL_X0Y16       BUFG (Prop_bufg_I_O)         0.096     3.602 r  clk_IBUF_BUFG_inst/O
                         net (fo=550, routed)         1.618     5.220    clk_IBUF_BUFG
    SLICE_X10Y120        FDCE                                         r  genblk1[4].shift_reg_reg[5][1]/C
  -------------------------------------------------------------------    -------------------
    SLICE_X10Y120        FDCE (Prop_fdce_C_Q)         0.518     5.738 r  genblk1[4].shift_reg_reg[5][1]/Q
                         net (fo=3, routed)           0.991     6.729    contador_inst/display_OBUF[7]_inst_i_4_4[1]
    SLICE_X10Y118        LUT6 (Prop_lut6_I1_O)        0.124     6.853 r  contador_inst/display_OBUF[7]_inst_i_18/O
                         net (fo=1, routed)           0.000     6.853    contador_inst/display_OBUF[7]_inst_i_18_n_0
    SLICE_X10Y118        MUXF7 (Prop_muxf7_I1_O)      0.214     7.067 r  contador_inst/display_OBUF[7]_inst_i_8/O
                         net (fo=16, routed)          1.590     8.658    scancode_to_display_inst/shift_reg[1]
    SLICE_X6Y118         LUT6 (Prop_lut6_I1_O)        0.297     8.955 r  scancode_to_display_inst/display_OBUF[7]_inst_i_3/O
                         net (fo=1, routed)           0.680     9.635    scancode_to_display_inst/display_OBUF[7]_inst_i_3_n_0
    SLICE_X6Y118         LUT3 (Prop_lut3_I1_O)        0.124     9.759 r  scancode_to_display_inst/display_OBUF[7]_inst_i_1/O
                         net (fo=1, routed)           1.913    11.672    display_OBUF[7]
    H15                  OBUF (Prop_obuf_I_O)         3.539    15.211 r  display_OBUF[7]_inst/O
                         net (fo=0)                   0.000    15.211    display[7]
    H15                                                               r  display[7] (OUT)
  -------------------------------------------------------------------    -------------------

Slack:                    inf
  Source:                 genblk1[6].shift_reg_reg[7][2]/C
                            (rising edge-triggered cell FDCE clocked by clock_master  {rise@0.000ns fall@5.000ns period=10.000ns})
  Destination:            display[3]
                            (output port)
  Path Group:             (none)
  Path Type:              Max at Slow Process Corner
  Data Path Delay:        9.909ns  (logic 5.000ns (50.460%)  route 4.909ns (49.540%))
  Logic Levels:           5  (LUT4=1 LUT6=2 MUXF7=1 OBUF=1)
  Clock Uncertainty:      0.025ns  ((TSJ^2 + TIJ^2)^1/2 + DJ) / 2 + PE
    Total System Jitter     (TSJ):    0.050ns
    Total Input Jitter      (TIJ):    0.000ns
    Discrete Jitter          (DJ):    0.000ns
    Phase Error              (PE):    0.000ns

    Location             Delay type                Incr(ns)  Path(ns)    Netlist Resource(s)
  -------------------------------------------------------------------    -------------------
                         (clock clock_master rise edge)
                                                      0.000     0.000 r  
    E3                                                0.000     0.000 r  clk (IN)
                         net (fo=0)                   0.000     0.000    clk
    E3                   IBUF (Prop_ibuf_I_O)         1.482     1.482 r  clk_IBUF_inst/O
                         net (fo=1, routed)           2.025     3.506    clk_IBUF
    BUFGCTRL_X0Y16       BUFG (Prop_bufg_I_O)         0.096     3.602 r  clk_IBUF_BUFG_inst/O
                         net (fo=550, routed)         1.617     5.219    clk_IBUF_BUFG
    SLICE_X9Y120         FDCE                                         r  genblk1[6].shift_reg_reg[7][2]/C
  -------------------------------------------------------------------    -------------------
    SLICE_X9Y120         FDCE (Prop_fdce_C_Q)         0.456     5.675 r  genblk1[6].shift_reg_reg[7][2]/Q
                         net (fo=3, routed)           1.124     6.799    contador_inst/display_OBUF[7]_inst_i_4_6[2]
    SLICE_X9Y119         LUT6 (Prop_lut6_I5_O)        0.124     6.923 r  contador_inst/display_OBUF[7]_inst_i_20/O
                         net (fo=1, routed)           0.000     6.923    contador_inst/display_OBUF[7]_inst_i_20_n_0
    SLICE_X9Y119         MUXF7 (Prop_muxf7_I1_O)      0.217     7.140 r  contador_inst/display_OBUF[7]_inst_i_9/O
                         net (fo=16, routed)          1.481     8.621    scancode_to_display_inst/shift_reg[2]
    SLICE_X6Y118         LUT6 (Prop_lut6_I5_O)        0.299     8.920 r  scancode_to_display_inst/display_OBUF[3]_inst_i_2/O
                         net (fo=1, routed)           0.452     9.372    scancode_to_display_inst/display_OBUF[3]_inst_i_2_n_0
    SLICE_X6Y118         LUT4 (Prop_lut4_I0_O)        0.150     9.522 r  scancode_to_display_inst/display_OBUF[3]_inst_i_1/O
                         net (fo=1, routed)           1.852    11.374    display_OBUF[3]
    K13                  OBUF (Prop_obuf_I_O)         3.754    15.129 r  display_OBUF[3]_inst/O
                         net (fo=0)                   0.000    15.129    display[3]
    K13                                                               r  display[3] (OUT)
  -------------------------------------------------------------------    -------------------

Slack:                    inf
  Source:                 FSM_sequential_current_state_reg[1]/C
                            (rising edge-triggered cell FDCE clocked by clock_master  {rise@0.000ns fall@5.000ns period=10.000ns})
  Destination:            data_reg[6]_rep__2/CE
  Path Group:             (none)
  Path Type:              Max at Slow Process Corner
  Data Path Delay:        2.446ns  (logic 0.642ns (26.247%)  route 1.804ns (73.753%))
  Logic Levels:           1  (LUT6=1)
  Clock Uncertainty:      0.025ns  ((TSJ^2 + TIJ^2)^1/2 + DJ) / 2 + PE
    Total System Jitter     (TSJ):    0.050ns
    Total Input Jitter      (TIJ):    0.000ns
    Discrete Jitter          (DJ):    0.000ns
    Phase Error              (PE):    0.000ns

    Location             Delay type                Incr(ns)  Path(ns)    Netlist Resource(s)
  -------------------------------------------------------------------    -------------------
                         (clock clock_master rise edge)
                                                      0.000     0.000 r  
    E3                                                0.000     0.000 r  clk (IN)
                         net (fo=0)                   0.000     0.000    clk
    E3                   IBUF (Prop_ibuf_I_O)         1.482     1.482 r  clk_IBUF_inst/O
                         net (fo=1, routed)           2.025     3.506    clk_IBUF
    BUFGCTRL_X0Y16       BUFG (Prop_bufg_I_O)         0.096     3.602 r  clk_IBUF_BUFG_inst/O
                         net (fo=550, routed)         1.624     5.226    clk_IBUF_BUFG
    SLICE_X10Y115        FDCE                                         r  FSM_sequential_current_state_reg[1]/C
  -------------------------------------------------------------------    -------------------
    SLICE_X10Y115        FDCE (Prop_fdce_C_Q)         0.518     5.744 r  FSM_sequential_current_state_reg[1]/Q
                         net (fo=13, routed)          1.050     6.795    cont_data_inst/Q[1]
    SLICE_X10Y116        LUT6 (Prop_lut6_I0_O)        0.124     6.919 r  cont_data_inst/data[6]_i_1/O
                         net (fo=9, routed)           0.754     7.672    data[6]
    SLICE_X6Y118         FDRE                                         r  data_reg[6]_rep__2/CE
  -------------------------------------------------------------------    -------------------

Slack:                    inf
  Source:                 FSM_sequential_current_state_reg[1]/C
                            (rising edge-triggered cell FDCE clocked by clock_master  {rise@0.000ns fall@5.000ns period=10.000ns})
  Destination:            data_reg[6]_rep__3/CE
  Path Group:             (none)
  Path Type:              Max at Slow Process Corner
  Data Path Delay:        2.446ns  (logic 0.642ns (26.247%)  route 1.804ns (73.753%))
  Logic Levels:           1  (LUT6=1)
  Clock Uncertainty:      0.025ns  ((TSJ^2 + TIJ^2)^1/2 + DJ) / 2 + PE
    Total System Jitter     (TSJ):    0.050ns
    Total Input Jitter      (TIJ):    0.000ns
    Discrete Jitter          (DJ):    0.000ns
    Phase Error              (PE):    0.000ns

    Location             Delay type                Incr(ns)  Path(ns)    Netlist Resource(s)
  -------------------------------------------------------------------    -------------------
                         (clock clock_master rise edge)
                                                      0.000     0.000 r  
    E3                                                0.000     0.000 r  clk (IN)
                         net (fo=0)                   0.000     0.000    clk
    E3                   IBUF (Prop_ibuf_I_O)         1.482     1.482 r  clk_IBUF_inst/O
                         net (fo=1, routed)           2.025     3.506    clk_IBUF
    BUFGCTRL_X0Y16       BUFG (Prop_bufg_I_O)         0.096     3.602 r  clk_IBUF_BUFG_inst/O
                         net (fo=550, routed)         1.624     5.226    clk_IBUF_BUFG
    SLICE_X10Y115        FDCE                                         r  FSM_sequential_current_state_reg[1]/C
  -------------------------------------------------------------------    -------------------
    SLICE_X10Y115        FDCE (Prop_fdce_C_Q)         0.518     5.744 r  FSM_sequential_current_state_reg[1]/Q
                         net (fo=13, routed)          1.050     6.795    cont_data_inst/Q[1]
    SLICE_X10Y116        LUT6 (Prop_lut6_I0_O)        0.124     6.919 r  cont_data_inst/data[6]_i_1/O
                         net (fo=9, routed)           0.754     7.672    data[6]
    SLICE_X6Y118         FDRE                                         r  data_reg[6]_rep__3/CE
  -------------------------------------------------------------------    -------------------





Min Delay Paths
--------------------------------------------------------------------------------------
Slack:                    inf
  Source:                 FSM_sequential_current_state_reg[1]/C
                            (rising edge-triggered cell FDCE clocked by clock_master  {rise@0.000ns fall@5.000ns period=10.000ns})
  Destination:            data_reg[3]/CE
  Path Group:             (none)
  Path Type:              Min at Fast Process Corner
  Data Path Delay:        0.575ns  (logic 0.209ns (36.371%)  route 0.366ns (63.629%))
  Logic Levels:           1  (LUT6=1)
  Clock Uncertainty:      0.025ns  ((TSJ^2 + TIJ^2)^1/2 + DJ) / 2 + PE
    Total System Jitter     (TSJ):    0.050ns
    Total Input Jitter      (TIJ):    0.000ns
    Discrete Jitter          (DJ):    0.000ns
    Phase Error              (PE):    0.000ns

    Location             Delay type                Incr(ns)  Path(ns)    Netlist Resource(s)
  -------------------------------------------------------------------    -------------------
                         (clock clock_master rise edge)
                                                      0.000     0.000 r  
    E3                                                0.000     0.000 r  clk (IN)
                         net (fo=0)                   0.000     0.000    clk
    E3                   IBUF (Prop_ibuf_I_O)         0.250     0.250 r  clk_IBUF_inst/O
                         net (fo=1, routed)           0.644     0.894    clk_IBUF
    BUFGCTRL_X0Y16       BUFG (Prop_bufg_I_O)         0.026     0.920 r  clk_IBUF_BUFG_inst/O
                         net (fo=550, routed)         0.565     1.484    clk_IBUF_BUFG
    SLICE_X10Y115        FDCE                                         r  FSM_sequential_current_state_reg[1]/C
  -------------------------------------------------------------------    -------------------
    SLICE_X10Y115        FDCE (Prop_fdce_C_Q)         0.164     1.648 r  FSM_sequential_current_state_reg[1]/Q
                         net (fo=13, routed)          0.237     1.886    cont_data_inst/Q[1]
    SLICE_X10Y116        LUT6 (Prop_lut6_I0_O)        0.045     1.931 r  cont_data_inst/data[3]_i_1/O
                         net (fo=8, routed)           0.128     2.059    data[3]
    SLICE_X8Y116         FDRE                                         r  data_reg[3]/CE
  -------------------------------------------------------------------    -------------------

Slack:                    inf
  Source:                 FSM_sequential_current_state_reg[0]/C
                            (rising edge-triggered cell FDPE clocked by clock_master  {rise@0.000ns fall@5.000ns period=10.000ns})
  Destination:            data_reg[0]/CE
  Path Group:             (none)
  Path Type:              Min at Fast Process Corner
  Data Path Delay:        0.583ns  (logic 0.209ns (35.853%)  route 0.374ns (64.147%))
  Logic Levels:           1  (LUT6=1)
  Clock Uncertainty:      0.025ns  ((TSJ^2 + TIJ^2)^1/2 + DJ) / 2 + PE
    Total System Jitter     (TSJ):    0.050ns
    Total Input Jitter      (TIJ):    0.000ns
    Discrete Jitter          (DJ):    0.000ns
    Phase Error              (PE):    0.000ns

    Location             Delay type                Incr(ns)  Path(ns)    Netlist Resource(s)
  -------------------------------------------------------------------    -------------------
                         (clock clock_master rise edge)
                                                      0.000     0.000 r  
    E3                                                0.000     0.000 r  clk (IN)
                         net (fo=0)                   0.000     0.000    clk
    E3                   IBUF (Prop_ibuf_I_O)         0.250     0.250 r  clk_IBUF_inst/O
                         net (fo=1, routed)           0.644     0.894    clk_IBUF
    BUFGCTRL_X0Y16       BUFG (Prop_bufg_I_O)         0.026     0.920 r  clk_IBUF_BUFG_inst/O
                         net (fo=550, routed)         0.565     1.484    clk_IBUF_BUFG
    SLICE_X10Y115        FDPE                                         r  FSM_sequential_current_state_reg[0]/C
  -------------------------------------------------------------------    -------------------
    SLICE_X10Y115        FDPE (Prop_fdpe_C_Q)         0.164     1.648 f  FSM_sequential_current_state_reg[0]/Q
                         net (fo=13, routed)          0.198     1.846    cont_data_inst/Q[0]
    SLICE_X10Y114        LUT6 (Prop_lut6_I5_O)        0.045     1.891 r  cont_data_inst/data[0]_i_1/O
                         net (fo=1, routed)           0.176     2.067    data[0]
    SLICE_X10Y116        FDRE                                         r  data_reg[0]/CE
  -------------------------------------------------------------------    -------------------

Slack:                    inf
  Source:                 FSM_sequential_current_state_reg[0]/C
                            (rising edge-triggered cell FDPE clocked by clock_master  {rise@0.000ns fall@5.000ns period=10.000ns})
  Destination:            data_reg[2]/CE
  Path Group:             (none)
  Path Type:              Min at Fast Process Corner
  Data Path Delay:        0.585ns  (logic 0.209ns (35.755%)  route 0.376ns (64.245%))
  Logic Levels:           1  (LUT6=1)
  Clock Uncertainty:      0.025ns  ((TSJ^2 + TIJ^2)^1/2 + DJ) / 2 + PE
    Total System Jitter     (TSJ):    0.050ns
    Total Input Jitter      (TIJ):    0.000ns
    Discrete Jitter          (DJ):    0.000ns
    Phase Error              (PE):    0.000ns

    Location             Delay type                Incr(ns)  Path(ns)    Netlist Resource(s)
  -------------------------------------------------------------------    -------------------
                         (clock clock_master rise edge)
                                                      0.000     0.000 r  
    E3                                                0.000     0.000 r  clk (IN)
                         net (fo=0)                   0.000     0.000    clk
    E3                   IBUF (Prop_ibuf_I_O)         0.250     0.250 r  clk_IBUF_inst/O
                         net (fo=1, routed)           0.644     0.894    clk_IBUF
    BUFGCTRL_X0Y16       BUFG (Prop_bufg_I_O)         0.026     0.920 r  clk_IBUF_BUFG_inst/O
                         net (fo=550, routed)         0.565     1.484    clk_IBUF_BUFG
    SLICE_X10Y115        FDPE                                         r  FSM_sequential_current_state_reg[0]/C
  -------------------------------------------------------------------    -------------------
    SLICE_X10Y115        FDPE (Prop_fdpe_C_Q)         0.164     1.648 f  FSM_sequential_current_state_reg[0]/Q
                         net (fo=13, routed)          0.117     1.766    cont_data_inst/Q[0]
    SLICE_X11Y115        LUT6 (Prop_lut6_I5_O)        0.045     1.811 r  cont_data_inst/data[2]_i_1/O
                         net (fo=1, routed)           0.258     2.069    data[2]
    SLICE_X6Y115         FDRE                                         r  data_reg[2]/CE
  -------------------------------------------------------------------    -------------------

Slack:                    inf
  Source:                 FSM_sequential_current_state_reg[1]/C
                            (rising edge-triggered cell FDCE clocked by clock_master  {rise@0.000ns fall@5.000ns period=10.000ns})
  Destination:            data_reg[4]/CE
  Path Group:             (none)
  Path Type:              Min at Fast Process Corner
  Data Path Delay:        0.593ns  (logic 0.209ns (35.258%)  route 0.384ns (64.742%))
  Logic Levels:           1  (LUT6=1)
  Clock Uncertainty:      0.025ns  ((TSJ^2 + TIJ^2)^1/2 + DJ) / 2 + PE
    Total System Jitter     (TSJ):    0.050ns
    Total Input Jitter      (TIJ):    0.000ns
    Discrete Jitter          (DJ):    0.000ns
    Phase Error              (PE):    0.000ns

    Location             Delay type                Incr(ns)  Path(ns)    Netlist Resource(s)
  -------------------------------------------------------------------    -------------------
                         (clock clock_master rise edge)
                                                      0.000     0.000 r  
    E3                                                0.000     0.000 r  clk (IN)
                         net (fo=0)                   0.000     0.000    clk
    E3                   IBUF (Prop_ibuf_I_O)         0.250     0.250 r  clk_IBUF_inst/O
                         net (fo=1, routed)           0.644     0.894    clk_IBUF
    BUFGCTRL_X0Y16       BUFG (Prop_bufg_I_O)         0.026     0.920 r  clk_IBUF_BUFG_inst/O
                         net (fo=550, routed)         0.565     1.484    clk_IBUF_BUFG
    SLICE_X10Y115        FDCE                                         r  FSM_sequential_current_state_reg[1]/C
  -------------------------------------------------------------------    -------------------
    SLICE_X10Y115        FDCE (Prop_fdce_C_Q)         0.164     1.648 r  FSM_sequential_current_state_reg[1]/Q
                         net (fo=13, routed)          0.191     1.840    cont_data_inst/Q[1]
    SLICE_X11Y115        LUT6 (Prop_lut6_I0_O)        0.045     1.885 r  cont_data_inst/data[4]_i_1/O
                         net (fo=1, routed)           0.193     2.077    data[4]
    SLICE_X11Y115        FDRE                                         r  data_reg[4]/CE
  -------------------------------------------------------------------    -------------------

Slack:                    inf
  Source:                 FSM_sequential_current_state_reg[0]/C
                            (rising edge-triggered cell FDPE clocked by clock_master  {rise@0.000ns fall@5.000ns period=10.000ns})
  Destination:            data_reg[6]/CE
  Path Group:             (none)
  Path Type:              Min at Fast Process Corner
  Data Path Delay:        0.609ns  (logic 0.209ns (34.292%)  route 0.400ns (65.708%))
  Logic Levels:           1  (LUT6=1)
  Clock Uncertainty:      0.025ns  ((TSJ^2 + TIJ^2)^1/2 + DJ) / 2 + PE
    Total System Jitter     (TSJ):    0.050ns
    Total Input Jitter      (TIJ):    0.000ns
    Discrete Jitter          (DJ):    0.000ns
    Phase Error              (PE):    0.000ns

    Location             Delay type                Incr(ns)  Path(ns)    Netlist Resource(s)
  -------------------------------------------------------------------    -------------------
                         (clock clock_master rise edge)
                                                      0.000     0.000 r  
    E3                                                0.000     0.000 r  clk (IN)
                         net (fo=0)                   0.000     0.000    clk
    E3                   IBUF (Prop_ibuf_I_O)         0.250     0.250 r  clk_IBUF_inst/O
                         net (fo=1, routed)           0.644     0.894    clk_IBUF
    BUFGCTRL_X0Y16       BUFG (Prop_bufg_I_O)         0.026     0.920 r  clk_IBUF_BUFG_inst/O
                         net (fo=550, routed)         0.565     1.484    clk_IBUF_BUFG
    SLICE_X10Y115        FDPE                                         r  FSM_sequential_current_state_reg[0]/C
  -------------------------------------------------------------------    -------------------
    SLICE_X10Y115        FDPE (Prop_fdpe_C_Q)         0.164     1.648 f  FSM_sequential_current_state_reg[0]/Q
                         net (fo=13, routed)          0.278     1.927    cont_data_inst/Q[0]
    SLICE_X10Y116        LUT6 (Prop_lut6_I5_O)        0.045     1.972 r  cont_data_inst/data[6]_i_1/O
                         net (fo=9, routed)           0.122     2.094    data[6]
    SLICE_X10Y117        FDRE                                         r  data_reg[6]/CE
  -------------------------------------------------------------------    -------------------

Slack:                    inf
  Source:                 FSM_sequential_current_state_reg[0]/C
                            (rising edge-triggered cell FDPE clocked by clock_master  {rise@0.000ns fall@5.000ns period=10.000ns})
  Destination:            data_reg[6]_rep/CE
  Path Group:             (none)
  Path Type:              Min at Fast Process Corner
  Data Path Delay:        0.609ns  (logic 0.209ns (34.292%)  route 0.400ns (65.708%))
  Logic Levels:           1  (LUT6=1)
  Clock Uncertainty:      0.025ns  ((TSJ^2 + TIJ^2)^1/2 + DJ) / 2 + PE
    Total System Jitter     (TSJ):    0.050ns
    Total Input Jitter      (TIJ):    0.000ns
    Discrete Jitter          (DJ):    0.000ns
    Phase Error              (PE):    0.000ns

    Location             Delay type                Incr(ns)  Path(ns)    Netlist Resource(s)
  -------------------------------------------------------------------    -------------------
                         (clock clock_master rise edge)
                                                      0.000     0.000 r  
    E3                                                0.000     0.000 r  clk (IN)
                         net (fo=0)                   0.000     0.000    clk
    E3                   IBUF (Prop_ibuf_I_O)         0.250     0.250 r  clk_IBUF_inst/O
                         net (fo=1, routed)           0.644     0.894    clk_IBUF
    BUFGCTRL_X0Y16       BUFG (Prop_bufg_I_O)         0.026     0.920 r  clk_IBUF_BUFG_inst/O
                         net (fo=550, routed)         0.565     1.484    clk_IBUF_BUFG
    SLICE_X10Y115        FDPE                                         r  FSM_sequential_current_state_reg[0]/C
  -------------------------------------------------------------------    -------------------
    SLICE_X10Y115        FDPE (Prop_fdpe_C_Q)         0.164     1.648 f  FSM_sequential_current_state_reg[0]/Q
                         net (fo=13, routed)          0.278     1.927    cont_data_inst/Q[0]
    SLICE_X10Y116        LUT6 (Prop_lut6_I5_O)        0.045     1.972 r  cont_data_inst/data[6]_i_1/O
                         net (fo=9, routed)           0.122     2.094    data[6]
    SLICE_X10Y117        FDRE                                         r  data_reg[6]_rep/CE
  -------------------------------------------------------------------    -------------------

Slack:                    inf
  Source:                 FSM_sequential_current_state_reg[1]/C
                            (rising edge-triggered cell FDCE clocked by clock_master  {rise@0.000ns fall@5.000ns period=10.000ns})
  Destination:            data_reg[1]/CE
  Path Group:             (none)
  Path Type:              Min at Fast Process Corner
  Data Path Delay:        0.632ns  (logic 0.209ns (33.057%)  route 0.423ns (66.943%))
  Logic Levels:           1  (LUT6=1)
  Clock Uncertainty:      0.025ns  ((TSJ^2 + TIJ^2)^1/2 + DJ) / 2 + PE
    Total System Jitter     (TSJ):    0.050ns
    Total Input Jitter      (TIJ):    0.000ns
    Discrete Jitter          (DJ):    0.000ns
    Phase Error              (PE):    0.000ns

    Location             Delay type                Incr(ns)  Path(ns)    Netlist Resource(s)
  -------------------------------------------------------------------    -------------------
                         (clock clock_master rise edge)
                                                      0.000     0.000 r  
    E3                                                0.000     0.000 r  clk (IN)
                         net (fo=0)                   0.000     0.000    clk
    E3                   IBUF (Prop_ibuf_I_O)         0.250     0.250 r  clk_IBUF_inst/O
                         net (fo=1, routed)           0.644     0.894    clk_IBUF
    BUFGCTRL_X0Y16       BUFG (Prop_bufg_I_O)         0.026     0.920 r  clk_IBUF_BUFG_inst/O
                         net (fo=550, routed)         0.565     1.484    clk_IBUF_BUFG
    SLICE_X10Y115        FDCE                                         r  FSM_sequential_current_state_reg[1]/C
  -------------------------------------------------------------------    -------------------
    SLICE_X10Y115        FDCE (Prop_fdce_C_Q)         0.164     1.648 r  FSM_sequential_current_state_reg[1]/Q
                         net (fo=13, routed)          0.233     1.882    cont_data_inst/Q[1]
    SLICE_X10Y116        LUT6 (Prop_lut6_I0_O)        0.045     1.927 r  cont_data_inst/data[1]_i_1/O
                         net (fo=1, routed)           0.190     2.117    data[1]
    SLICE_X9Y116         FDRE                                         r  data_reg[1]/CE
  -------------------------------------------------------------------    -------------------

Slack:                    inf
  Source:                 FSM_sequential_current_state_reg[1]/C
                            (rising edge-triggered cell FDCE clocked by clock_master  {rise@0.000ns fall@5.000ns period=10.000ns})
  Destination:            cont_data_inst/cont_reg[0]/CLR
  Path Group:             (none)
  Path Type:              Min at Fast Process Corner
  Data Path Delay:        0.659ns  (logic 0.209ns (31.727%)  route 0.450ns (68.273%))
  Logic Levels:           1  (LUT2=1)
  Clock Uncertainty:      0.025ns  ((TSJ^2 + TIJ^2)^1/2 + DJ) / 2 + PE
    Total System Jitter     (TSJ):    0.050ns
    Total Input Jitter      (TIJ):    0.000ns
    Discrete Jitter          (DJ):    0.000ns
    Phase Error              (PE):    0.000ns

    Location             Delay type                Incr(ns)  Path(ns)    Netlist Resource(s)
  -------------------------------------------------------------------    -------------------
                         (clock clock_master rise edge)
                                                      0.000     0.000 r  
    E3                                                0.000     0.000 r  clk (IN)
                         net (fo=0)                   0.000     0.000    clk
    E3                   IBUF (Prop_ibuf_I_O)         0.250     0.250 r  clk_IBUF_inst/O
                         net (fo=1, routed)           0.644     0.894    clk_IBUF
    BUFGCTRL_X0Y16       BUFG (Prop_bufg_I_O)         0.026     0.920 r  clk_IBUF_BUFG_inst/O
                         net (fo=550, routed)         0.565     1.484    clk_IBUF_BUFG
    SLICE_X10Y115        FDCE                                         r  FSM_sequential_current_state_reg[1]/C
  -------------------------------------------------------------------    -------------------
    SLICE_X10Y115        FDCE (Prop_fdce_C_Q)         0.164     1.648 r  FSM_sequential_current_state_reg[1]/Q
                         net (fo=13, routed)          0.265     1.913    cont_data_inst/Q[1]
    SLICE_X10Y114        LUT2 (Prop_lut2_I1_O)        0.045     1.958 f  cont_data_inst/cont[3]_i_2/O
                         net (fo=4, routed)           0.185     2.143    cont_data_inst/cont[3]_i_2_n_0
    SLICE_X11Y114        FDCE                                         f  cont_data_inst/cont_reg[0]/CLR
  -------------------------------------------------------------------    -------------------

Slack:                    inf
  Source:                 FSM_sequential_current_state_reg[1]/C
                            (rising edge-triggered cell FDCE clocked by clock_master  {rise@0.000ns fall@5.000ns period=10.000ns})
  Destination:            cont_data_inst/cont_reg[1]/CLR
  Path Group:             (none)
  Path Type:              Min at Fast Process Corner
  Data Path Delay:        0.659ns  (logic 0.209ns (31.727%)  route 0.450ns (68.273%))
  Logic Levels:           1  (LUT2=1)
  Clock Uncertainty:      0.025ns  ((TSJ^2 + TIJ^2)^1/2 + DJ) / 2 + PE
    Total System Jitter     (TSJ):    0.050ns
    Total Input Jitter      (TIJ):    0.000ns
    Discrete Jitter          (DJ):    0.000ns
    Phase Error              (PE):    0.000ns

    Location             Delay type                Incr(ns)  Path(ns)    Netlist Resource(s)
  -------------------------------------------------------------------    -------------------
                         (clock clock_master rise edge)
                                                      0.000     0.000 r  
    E3                                                0.000     0.000 r  clk (IN)
                         net (fo=0)                   0.000     0.000    clk
    E3                   IBUF (Prop_ibuf_I_O)         0.250     0.250 r  clk_IBUF_inst/O
                         net (fo=1, routed)           0.644     0.894    clk_IBUF
    BUFGCTRL_X0Y16       BUFG (Prop_bufg_I_O)         0.026     0.920 r  clk_IBUF_BUFG_inst/O
                         net (fo=550, routed)         0.565     1.484    clk_IBUF_BUFG
    SLICE_X10Y115        FDCE                                         r  FSM_sequential_current_state_reg[1]/C
  -------------------------------------------------------------------    -------------------
    SLICE_X10Y115        FDCE (Prop_fdce_C_Q)         0.164     1.648 r  FSM_sequential_current_state_reg[1]/Q
                         net (fo=13, routed)          0.265     1.913    cont_data_inst/Q[1]
    SLICE_X10Y114        LUT2 (Prop_lut2_I1_O)        0.045     1.958 f  cont_data_inst/cont[3]_i_2/O
                         net (fo=4, routed)           0.185     2.143    cont_data_inst/cont[3]_i_2_n_0
    SLICE_X10Y114        FDCE                                         f  cont_data_inst/cont_reg[1]/CLR
  -------------------------------------------------------------------    -------------------

Slack:                    inf
  Source:                 FSM_sequential_current_state_reg[1]/C
                            (rising edge-triggered cell FDCE clocked by clock_master  {rise@0.000ns fall@5.000ns period=10.000ns})
  Destination:            cont_data_inst/cont_reg[2]/CLR
  Path Group:             (none)
  Path Type:              Min at Fast Process Corner
  Data Path Delay:        0.659ns  (logic 0.209ns (31.727%)  route 0.450ns (68.273%))
  Logic Levels:           1  (LUT2=1)
  Clock Uncertainty:      0.025ns  ((TSJ^2 + TIJ^2)^1/2 + DJ) / 2 + PE
    Total System Jitter     (TSJ):    0.050ns
    Total Input Jitter      (TIJ):    0.000ns
    Discrete Jitter          (DJ):    0.000ns
    Phase Error              (PE):    0.000ns

    Location             Delay type                Incr(ns)  Path(ns)    Netlist Resource(s)
  -------------------------------------------------------------------    -------------------
                         (clock clock_master rise edge)
                                                      0.000     0.000 r  
    E3                                                0.000     0.000 r  clk (IN)
                         net (fo=0)                   0.000     0.000    clk
    E3                   IBUF (Prop_ibuf_I_O)         0.250     0.250 r  clk_IBUF_inst/O
                         net (fo=1, routed)           0.644     0.894    clk_IBUF
    BUFGCTRL_X0Y16       BUFG (Prop_bufg_I_O)         0.026     0.920 r  clk_IBUF_BUFG_inst/O
                         net (fo=550, routed)         0.565     1.484    clk_IBUF_BUFG
    SLICE_X10Y115        FDCE                                         r  FSM_sequential_current_state_reg[1]/C
  -------------------------------------------------------------------    -------------------
    SLICE_X10Y115        FDCE (Prop_fdce_C_Q)         0.164     1.648 r  FSM_sequential_current_state_reg[1]/Q
                         net (fo=13, routed)          0.265     1.913    cont_data_inst/Q[1]
    SLICE_X10Y114        LUT2 (Prop_lut2_I1_O)        0.045     1.958 f  cont_data_inst/cont[3]_i_2/O
                         net (fo=4, routed)           0.185     2.143    cont_data_inst/cont[3]_i_2_n_0
    SLICE_X10Y114        FDCE                                         f  cont_data_inst/cont_reg[2]/CLR
  -------------------------------------------------------------------    -------------------





--------------------------------------------------------------------------------------
Path Group:  (none)
From Clock:  
  To Clock:  clock_master

Max Delay          1542 Endpoints
Min Delay          1542 Endpoints
--------------------------------------------------------------------------------------


Max Delay Paths
--------------------------------------------------------------------------------------
Slack:                    inf
  Source:                 data_reg[4]/C
                            (rising edge-triggered cell FDRE)
  Destination:            genblk1[38].shift_reg_reg[39][4]/D
                            (rising edge-triggered cell FDCE clocked by clock_master  {rise@0.000ns fall@5.000ns period=10.000ns})
  Path Group:             (none)
  Path Type:              Setup (Max at Slow Process Corner)
  Data Path Delay:        7.865ns  (logic 0.831ns (10.565%)  route 7.034ns (89.435%))
  Logic Levels:           4  (FDRE=1 LUT4=1 LUT5=1 LUT6=1)
  Clock Uncertainty:      0.025ns  ((TSJ^2 + TIJ^2)^1/2 + DJ) / 2 + PE
    Total System Jitter     (TSJ):    0.050ns
    Total Input Jitter      (TIJ):    0.000ns
    Discrete Jitter          (DJ):    0.000ns
    Phase Error              (PE):    0.000ns

    Location             Delay type                Incr(ns)  Path(ns)    Netlist Resource(s)
  -------------------------------------------------------------------    -------------------
    SLICE_X11Y115        FDRE                         0.000     0.000 r  data_reg[4]/C
    SLICE_X11Y115        FDRE (Prop_fdre_C_Q)         0.459     0.459 r  data_reg[4]/Q
                         net (fo=20, routed)          1.538     1.997    p_1_in[0]
    SLICE_X7Y118         LUT4 (Prop_lut4_I3_O)        0.124     2.121 r  shift_reg[0][7]_i_2/O
                         net (fo=5, routed)           1.125     3.246    shift_reg[0][7]_i_2_n_0
    SLICE_X9Y117         LUT5 (Prop_lut5_I2_O)        0.124     3.370 r  genblk1[61].shift_reg[62][5]_i_2/O
                         net (fo=186, routed)         4.371     7.741    genblk1[61].shift_reg[62][5]_i_2_n_0
    SLICE_X0Y128         LUT6 (Prop_lut6_I3_O)        0.124     7.865 r  genblk1[38].shift_reg[39][4]_i_1/O
                         net (fo=1, routed)           0.000     7.865    genblk1[38].shift_reg[39][4]_i_1_n_0
    SLICE_X0Y128         FDCE                                         r  genblk1[38].shift_reg_reg[39][4]/D
  -------------------------------------------------------------------    -------------------

                         (clock clock_master rise edge)
                                                      0.000     0.000 r  
    E3                                                0.000     0.000 r  clk (IN)
                         net (fo=0)                   0.000     0.000    clk
    E3                   IBUF (Prop_ibuf_I_O)         1.411     1.411 r  clk_IBUF_inst/O
                         net (fo=1, routed)           1.920     3.331    clk_IBUF
    BUFGCTRL_X0Y16       BUFG (Prop_bufg_I_O)         0.091     3.422 r  clk_IBUF_BUFG_inst/O
                         net (fo=550, routed)         1.577     4.999    clk_IBUF_BUFG
    SLICE_X0Y128         FDCE                                         r  genblk1[38].shift_reg_reg[39][4]/C

Slack:                    inf
  Source:                 data_reg[4]/C
                            (rising edge-triggered cell FDRE)
  Destination:            genblk1[52].shift_reg_reg[53][4]/D
                            (rising edge-triggered cell FDCE clocked by clock_master  {rise@0.000ns fall@5.000ns period=10.000ns})
  Path Group:             (none)
  Path Type:              Setup (Max at Slow Process Corner)
  Data Path Delay:        7.728ns  (logic 0.831ns (10.754%)  route 6.897ns (89.246%))
  Logic Levels:           4  (FDRE=1 LUT4=1 LUT5=1 LUT6=1)
  Clock Uncertainty:      0.025ns  ((TSJ^2 + TIJ^2)^1/2 + DJ) / 2 + PE
    Total System Jitter     (TSJ):    0.050ns
    Total Input Jitter      (TIJ):    0.000ns
    Discrete Jitter          (DJ):    0.000ns
    Phase Error              (PE):    0.000ns

    Location             Delay type                Incr(ns)  Path(ns)    Netlist Resource(s)
  -------------------------------------------------------------------    -------------------
    SLICE_X11Y115        FDRE                         0.000     0.000 r  data_reg[4]/C
    SLICE_X11Y115        FDRE (Prop_fdre_C_Q)         0.459     0.459 r  data_reg[4]/Q
                         net (fo=20, routed)          1.538     1.997    p_1_in[0]
    SLICE_X7Y118         LUT4 (Prop_lut4_I3_O)        0.124     2.121 r  shift_reg[0][7]_i_2/O
                         net (fo=5, routed)           1.125     3.246    shift_reg[0][7]_i_2_n_0
    SLICE_X9Y117         LUT5 (Prop_lut5_I2_O)        0.124     3.370 r  genblk1[61].shift_reg[62][5]_i_2/O
                         net (fo=186, routed)         4.233     7.604    genblk1[61].shift_reg[62][5]_i_2_n_0
    SLICE_X2Y126         LUT6 (Prop_lut6_I3_O)        0.124     7.728 r  genblk1[52].shift_reg[53][4]_i_1/O
                         net (fo=1, routed)           0.000     7.728    genblk1[52].shift_reg[53][4]_i_1_n_0
    SLICE_X2Y126         FDCE                                         r  genblk1[52].shift_reg_reg[53][4]/D
  -------------------------------------------------------------------    -------------------

                         (clock clock_master rise edge)
                                                      0.000     0.000 r  
    E3                                                0.000     0.000 r  clk (IN)
                         net (fo=0)                   0.000     0.000    clk
    E3                   IBUF (Prop_ibuf_I_O)         1.411     1.411 r  clk_IBUF_inst/O
                         net (fo=1, routed)           1.920     3.331    clk_IBUF
    BUFGCTRL_X0Y16       BUFG (Prop_bufg_I_O)         0.091     3.422 r  clk_IBUF_BUFG_inst/O
                         net (fo=550, routed)         1.574     4.996    clk_IBUF_BUFG
    SLICE_X2Y126         FDCE                                         r  genblk1[52].shift_reg_reg[53][4]/C

Slack:                    inf
  Source:                 data_reg[4]/C
                            (rising edge-triggered cell FDRE)
  Destination:            genblk1[22].shift_reg_reg[23][4]/D
                            (rising edge-triggered cell FDCE clocked by clock_master  {rise@0.000ns fall@5.000ns period=10.000ns})
  Path Group:             (none)
  Path Type:              Setup (Max at Slow Process Corner)
  Data Path Delay:        7.709ns  (logic 0.831ns (10.780%)  route 6.878ns (89.220%))
  Logic Levels:           4  (FDRE=1 LUT4=1 LUT5=1 LUT6=1)
  Clock Uncertainty:      0.025ns  ((TSJ^2 + TIJ^2)^1/2 + DJ) / 2 + PE
    Total System Jitter     (TSJ):    0.050ns
    Total Input Jitter      (TIJ):    0.000ns
    Discrete Jitter          (DJ):    0.000ns
    Phase Error              (PE):    0.000ns

    Location             Delay type                Incr(ns)  Path(ns)    Netlist Resource(s)
  -------------------------------------------------------------------    -------------------
    SLICE_X11Y115        FDRE                         0.000     0.000 r  data_reg[4]/C
    SLICE_X11Y115        FDRE (Prop_fdre_C_Q)         0.459     0.459 r  data_reg[4]/Q
                         net (fo=20, routed)          1.538     1.997    p_1_in[0]
    SLICE_X7Y118         LUT4 (Prop_lut4_I3_O)        0.124     2.121 r  shift_reg[0][7]_i_2/O
                         net (fo=5, routed)           1.125     3.246    shift_reg[0][7]_i_2_n_0
    SLICE_X9Y117         LUT5 (Prop_lut5_I2_O)        0.124     3.370 r  genblk1[61].shift_reg[62][5]_i_2/O
                         net (fo=186, routed)         4.214     7.585    genblk1[61].shift_reg[62][5]_i_2_n_0
    SLICE_X2Y125         LUT6 (Prop_lut6_I4_O)        0.124     7.709 r  genblk1[22].shift_reg[23][4]_i_1/O
                         net (fo=1, routed)           0.000     7.709    genblk1[22].shift_reg[23][4]_i_1_n_0
    SLICE_X2Y125         FDCE                                         r  genblk1[22].shift_reg_reg[23][4]/D
  -------------------------------------------------------------------    -------------------

                         (clock clock_master rise edge)
                                                      0.000     0.000 r  
    E3                                                0.000     0.000 r  clk (IN)
                         net (fo=0)                   0.000     0.000    clk
    E3                   IBUF (Prop_ibuf_I_O)         1.411     1.411 r  clk_IBUF_inst/O
                         net (fo=1, routed)           1.920     3.331    clk_IBUF
    BUFGCTRL_X0Y16       BUFG (Prop_bufg_I_O)         0.091     3.422 r  clk_IBUF_BUFG_inst/O
                         net (fo=550, routed)         1.572     4.994    clk_IBUF_BUFG
    SLICE_X2Y125         FDCE                                         r  genblk1[22].shift_reg_reg[23][4]/C

Slack:                    inf
  Source:                 data_reg[4]/C
                            (rising edge-triggered cell FDRE)
  Destination:            genblk1[36].shift_reg_reg[37][4]/D
                            (rising edge-triggered cell FDCE clocked by clock_master  {rise@0.000ns fall@5.000ns period=10.000ns})
  Path Group:             (none)
  Path Type:              Setup (Max at Slow Process Corner)
  Data Path Delay:        7.694ns  (logic 0.831ns (10.801%)  route 6.863ns (89.199%))
  Logic Levels:           4  (FDRE=1 LUT4=1 LUT5=1 LUT6=1)
  Clock Uncertainty:      0.025ns  ((TSJ^2 + TIJ^2)^1/2 + DJ) / 2 + PE
    Total System Jitter     (TSJ):    0.050ns
    Total Input Jitter      (TIJ):    0.000ns
    Discrete Jitter          (DJ):    0.000ns
    Phase Error              (PE):    0.000ns

    Location             Delay type                Incr(ns)  Path(ns)    Netlist Resource(s)
  -------------------------------------------------------------------    -------------------
    SLICE_X11Y115        FDRE                         0.000     0.000 r  data_reg[4]/C
    SLICE_X11Y115        FDRE (Prop_fdre_C_Q)         0.459     0.459 r  data_reg[4]/Q
                         net (fo=20, routed)          1.538     1.997    p_1_in[0]
    SLICE_X7Y118         LUT4 (Prop_lut4_I3_O)        0.124     2.121 r  shift_reg[0][7]_i_2/O
                         net (fo=5, routed)           1.125     3.246    shift_reg[0][7]_i_2_n_0
    SLICE_X9Y117         LUT5 (Prop_lut5_I2_O)        0.124     3.370 r  genblk1[61].shift_reg[62][5]_i_2/O
                         net (fo=186, routed)         4.200     7.570    genblk1[61].shift_reg[62][5]_i_2_n_0
    SLICE_X0Y128         LUT6 (Prop_lut6_I3_O)        0.124     7.694 r  genblk1[36].shift_reg[37][4]_i_1/O
                         net (fo=1, routed)           0.000     7.694    genblk1[36].shift_reg[37][4]_i_1_n_0
    SLICE_X0Y128         FDCE                                         r  genblk1[36].shift_reg_reg[37][4]/D
  -------------------------------------------------------------------    -------------------

                         (clock clock_master rise edge)
                                                      0.000     0.000 r  
    E3                                                0.000     0.000 r  clk (IN)
                         net (fo=0)                   0.000     0.000    clk
    E3                   IBUF (Prop_ibuf_I_O)         1.411     1.411 r  clk_IBUF_inst/O
                         net (fo=1, routed)           1.920     3.331    clk_IBUF
    BUFGCTRL_X0Y16       BUFG (Prop_bufg_I_O)         0.091     3.422 r  clk_IBUF_BUFG_inst/O
                         net (fo=550, routed)         1.577     4.999    clk_IBUF_BUFG
    SLICE_X0Y128         FDCE                                         r  genblk1[36].shift_reg_reg[37][4]/C

Slack:                    inf
  Source:                 data_reg[4]/C
                            (rising edge-triggered cell FDRE)
  Destination:            genblk1[61].shift_reg_reg[62][6]/D
                            (rising edge-triggered cell FDCE clocked by clock_master  {rise@0.000ns fall@5.000ns period=10.000ns})
  Path Group:             (none)
  Path Type:              Setup (Max at Slow Process Corner)
  Data Path Delay:        7.625ns  (logic 0.831ns (10.898%)  route 6.794ns (89.102%))
  Logic Levels:           4  (FDRE=1 LUT4=1 LUT5=1 LUT6=1)
  Clock Uncertainty:      0.025ns  ((TSJ^2 + TIJ^2)^1/2 + DJ) / 2 + PE
    Total System Jitter     (TSJ):    0.050ns
    Total Input Jitter      (TIJ):    0.000ns
    Discrete Jitter          (DJ):    0.000ns
    Phase Error              (PE):    0.000ns

    Location             Delay type                Incr(ns)  Path(ns)    Netlist Resource(s)
  -------------------------------------------------------------------    -------------------
    SLICE_X11Y115        FDRE                         0.000     0.000 r  data_reg[4]/C
    SLICE_X11Y115        FDRE (Prop_fdre_C_Q)         0.459     0.459 r  data_reg[4]/Q
                         net (fo=20, routed)          1.538     1.997    p_1_in[0]
    SLICE_X7Y118         LUT4 (Prop_lut4_I3_O)        0.124     2.121 r  shift_reg[0][7]_i_2/O
                         net (fo=5, routed)           1.530     3.651    shift_reg[0][7]_i_2_n_0
    SLICE_X9Y117         LUT5 (Prop_lut5_I2_O)        0.124     3.775 r  genblk1[61].shift_reg[62][7]_i_2/O
                         net (fo=124, routed)         3.726     7.501    genblk1[61].shift_reg[62][7]_i_2_n_0
    SLICE_X4Y117         LUT6 (Prop_lut6_I4_O)        0.124     7.625 r  genblk1[61].shift_reg[62][6]_i_1/O
                         net (fo=1, routed)           0.000     7.625    genblk1[61].shift_reg[62][6]_i_1_n_0
    SLICE_X4Y117         FDCE                                         r  genblk1[61].shift_reg_reg[62][6]/D
  -------------------------------------------------------------------    -------------------

                         (clock clock_master rise edge)
                                                      0.000     0.000 r  
    E3                                                0.000     0.000 r  clk (IN)
                         net (fo=0)                   0.000     0.000    clk
    E3                   IBUF (Prop_ibuf_I_O)         1.411     1.411 r  clk_IBUF_inst/O
                         net (fo=1, routed)           1.920     3.331    clk_IBUF
    BUFGCTRL_X0Y16       BUFG (Prop_bufg_I_O)         0.091     3.422 r  clk_IBUF_BUFG_inst/O
                         net (fo=550, routed)         1.579     5.001    clk_IBUF_BUFG
    SLICE_X4Y117         FDCE                                         r  genblk1[61].shift_reg_reg[62][6]/C

Slack:                    inf
  Source:                 data_reg[4]/C
                            (rising edge-triggered cell FDRE)
  Destination:            genblk1[0].shift_reg_reg[1][6]/D
                            (rising edge-triggered cell FDCE clocked by clock_master  {rise@0.000ns fall@5.000ns period=10.000ns})
  Path Group:             (none)
  Path Type:              Setup (Max at Slow Process Corner)
  Data Path Delay:        7.622ns  (logic 0.831ns (10.902%)  route 6.791ns (89.098%))
  Logic Levels:           4  (FDRE=1 LUT4=1 LUT5=1 LUT6=1)
  Clock Uncertainty:      0.025ns  ((TSJ^2 + TIJ^2)^1/2 + DJ) / 2 + PE
    Total System Jitter     (TSJ):    0.050ns
    Total Input Jitter      (TIJ):    0.000ns
    Discrete Jitter          (DJ):    0.000ns
    Phase Error              (PE):    0.000ns

    Location             Delay type                Incr(ns)  Path(ns)    Netlist Resource(s)
  -------------------------------------------------------------------    -------------------
    SLICE_X11Y115        FDRE                         0.000     0.000 r  data_reg[4]/C
    SLICE_X11Y115        FDRE (Prop_fdre_C_Q)         0.459     0.459 r  data_reg[4]/Q
                         net (fo=20, routed)          1.538     1.997    p_1_in[0]
    SLICE_X7Y118         LUT4 (Prop_lut4_I3_O)        0.124     2.121 r  shift_reg[0][7]_i_2/O
                         net (fo=5, routed)           1.530     3.651    shift_reg[0][7]_i_2_n_0
    SLICE_X9Y117         LUT5 (Prop_lut5_I2_O)        0.124     3.775 r  genblk1[61].shift_reg[62][7]_i_2/O
                         net (fo=124, routed)         3.723     7.498    genblk1[61].shift_reg[62][7]_i_2_n_0
    SLICE_X4Y117         LUT6 (Prop_lut6_I4_O)        0.124     7.622 r  genblk1[0].shift_reg[1][6]_i_1/O
                         net (fo=1, routed)           0.000     7.622    genblk1[0].shift_reg[1][6]_i_1_n_0
    SLICE_X4Y117         FDCE                                         r  genblk1[0].shift_reg_reg[1][6]/D
  -------------------------------------------------------------------    -------------------

                         (clock clock_master rise edge)
                                                      0.000     0.000 r  
    E3                                                0.000     0.000 r  clk (IN)
                         net (fo=0)                   0.000     0.000    clk
    E3                   IBUF (Prop_ibuf_I_O)         1.411     1.411 r  clk_IBUF_inst/O
                         net (fo=1, routed)           1.920     3.331    clk_IBUF
    BUFGCTRL_X0Y16       BUFG (Prop_bufg_I_O)         0.091     3.422 r  clk_IBUF_BUFG_inst/O
                         net (fo=550, routed)         1.579     5.001    clk_IBUF_BUFG
    SLICE_X4Y117         FDCE                                         r  genblk1[0].shift_reg_reg[1][6]/C

Slack:                    inf
  Source:                 data_reg[4]/C
                            (rising edge-triggered cell FDRE)
  Destination:            genblk1[51].shift_reg_reg[52][4]/D
                            (rising edge-triggered cell FDCE clocked by clock_master  {rise@0.000ns fall@5.000ns period=10.000ns})
  Path Group:             (none)
  Path Type:              Setup (Max at Slow Process Corner)
  Data Path Delay:        7.596ns  (logic 0.831ns (10.941%)  route 6.765ns (89.059%))
  Logic Levels:           4  (FDRE=1 LUT4=1 LUT5=1 LUT6=1)
  Clock Uncertainty:      0.025ns  ((TSJ^2 + TIJ^2)^1/2 + DJ) / 2 + PE
    Total System Jitter     (TSJ):    0.050ns
    Total Input Jitter      (TIJ):    0.000ns
    Discrete Jitter          (DJ):    0.000ns
    Phase Error              (PE):    0.000ns

    Location             Delay type                Incr(ns)  Path(ns)    Netlist Resource(s)
  -------------------------------------------------------------------    -------------------
    SLICE_X11Y115        FDRE                         0.000     0.000 r  data_reg[4]/C
    SLICE_X11Y115        FDRE (Prop_fdre_C_Q)         0.459     0.459 r  data_reg[4]/Q
                         net (fo=20, routed)          1.538     1.997    p_1_in[0]
    SLICE_X7Y118         LUT4 (Prop_lut4_I3_O)        0.124     2.121 r  shift_reg[0][7]_i_2/O
                         net (fo=5, routed)           1.125     3.246    shift_reg[0][7]_i_2_n_0
    SLICE_X9Y117         LUT5 (Prop_lut5_I2_O)        0.124     3.370 r  genblk1[61].shift_reg[62][5]_i_2/O
                         net (fo=186, routed)         4.101     7.472    genblk1[61].shift_reg[62][5]_i_2_n_0
    SLICE_X2Y126         LUT6 (Prop_lut6_I3_O)        0.124     7.596 r  genblk1[51].shift_reg[52][4]_i_1/O
                         net (fo=1, routed)           0.000     7.596    genblk1[51].shift_reg[52][4]_i_1_n_0
    SLICE_X2Y126         FDCE                                         r  genblk1[51].shift_reg_reg[52][4]/D
  -------------------------------------------------------------------    -------------------

                         (clock clock_master rise edge)
                                                      0.000     0.000 r  
    E3                                                0.000     0.000 r  clk (IN)
                         net (fo=0)                   0.000     0.000    clk
    E3                   IBUF (Prop_ibuf_I_O)         1.411     1.411 r  clk_IBUF_inst/O
                         net (fo=1, routed)           1.920     3.331    clk_IBUF
    BUFGCTRL_X0Y16       BUFG (Prop_bufg_I_O)         0.091     3.422 r  clk_IBUF_BUFG_inst/O
                         net (fo=550, routed)         1.574     4.996    clk_IBUF_BUFG
    SLICE_X2Y126         FDCE                                         r  genblk1[51].shift_reg_reg[52][4]/C

Slack:                    inf
  Source:                 data_reg[4]/C
                            (rising edge-triggered cell FDRE)
  Destination:            genblk1[48].shift_reg_reg[49][5]/D
                            (rising edge-triggered cell FDCE clocked by clock_master  {rise@0.000ns fall@5.000ns period=10.000ns})
  Path Group:             (none)
  Path Type:              Setup (Max at Slow Process Corner)
  Data Path Delay:        7.573ns  (logic 0.831ns (10.973%)  route 6.742ns (89.027%))
  Logic Levels:           4  (FDRE=1 LUT4=1 LUT5=1 LUT6=1)
  Clock Uncertainty:      0.025ns  ((TSJ^2 + TIJ^2)^1/2 + DJ) / 2 + PE
    Total System Jitter     (TSJ):    0.050ns
    Total Input Jitter      (TIJ):    0.000ns
    Discrete Jitter          (DJ):    0.000ns
    Phase Error              (PE):    0.000ns

    Location             Delay type                Incr(ns)  Path(ns)    Netlist Resource(s)
  -------------------------------------------------------------------    -------------------
    SLICE_X11Y115        FDRE                         0.000     0.000 r  data_reg[4]/C
    SLICE_X11Y115        FDRE (Prop_fdre_C_Q)         0.459     0.459 r  data_reg[4]/Q
                         net (fo=20, routed)          1.538     1.997    p_1_in[0]
    SLICE_X7Y118         LUT4 (Prop_lut4_I3_O)        0.124     2.121 r  shift_reg[0][7]_i_2/O
                         net (fo=5, routed)           1.125     3.246    shift_reg[0][7]_i_2_n_0
    SLICE_X9Y117         LUT5 (Prop_lut5_I2_O)        0.124     3.370 r  genblk1[61].shift_reg[62][5]_i_2/O
                         net (fo=186, routed)         4.079     7.449    genblk1[61].shift_reg[62][5]_i_2_n_0
    SLICE_X3Y124         LUT6 (Prop_lut6_I3_O)        0.124     7.573 r  genblk1[48].shift_reg[49][5]_i_1/O
                         net (fo=1, routed)           0.000     7.573    genblk1[48].shift_reg[49][5]_i_1_n_0
    SLICE_X3Y124         FDCE                                         r  genblk1[48].shift_reg_reg[49][5]/D
  -------------------------------------------------------------------    -------------------

                         (clock clock_master rise edge)
                                                      0.000     0.000 r  
    E3                                                0.000     0.000 r  clk (IN)
                         net (fo=0)                   0.000     0.000    clk
    E3                   IBUF (Prop_ibuf_I_O)         1.411     1.411 r  clk_IBUF_inst/O
                         net (fo=1, routed)           1.920     3.331    clk_IBUF
    BUFGCTRL_X0Y16       BUFG (Prop_bufg_I_O)         0.091     3.422 r  clk_IBUF_BUFG_inst/O
                         net (fo=550, routed)         1.572     4.994    clk_IBUF_BUFG
    SLICE_X3Y124         FDCE                                         r  genblk1[48].shift_reg_reg[49][5]/C

Slack:                    inf
  Source:                 data_reg[4]/C
                            (rising edge-triggered cell FDRE)
  Destination:            genblk1[6].shift_reg_reg[7][7]/D
                            (rising edge-triggered cell FDCE clocked by clock_master  {rise@0.000ns fall@5.000ns period=10.000ns})
  Path Group:             (none)
  Path Type:              Setup (Max at Slow Process Corner)
  Data Path Delay:        7.567ns  (logic 0.831ns (10.982%)  route 6.736ns (89.018%))
  Logic Levels:           4  (FDRE=1 LUT4=1 LUT5=1 LUT6=1)
  Clock Uncertainty:      0.025ns  ((TSJ^2 + TIJ^2)^1/2 + DJ) / 2 + PE
    Total System Jitter     (TSJ):    0.050ns
    Total Input Jitter      (TIJ):    0.000ns
    Discrete Jitter          (DJ):    0.000ns
    Phase Error              (PE):    0.000ns

    Location             Delay type                Incr(ns)  Path(ns)    Netlist Resource(s)
  -------------------------------------------------------------------    -------------------
    SLICE_X11Y115        FDRE                         0.000     0.000 r  data_reg[4]/C
    SLICE_X11Y115        FDRE (Prop_fdre_C_Q)         0.459     0.459 r  data_reg[4]/Q
                         net (fo=20, routed)          1.538     1.997    p_1_in[0]
    SLICE_X7Y118         LUT4 (Prop_lut4_I3_O)        0.124     2.121 r  shift_reg[0][7]_i_2/O
                         net (fo=5, routed)           1.530     3.651    shift_reg[0][7]_i_2_n_0
    SLICE_X9Y117         LUT5 (Prop_lut5_I2_O)        0.124     3.775 r  genblk1[61].shift_reg[62][7]_i_2/O
                         net (fo=124, routed)         3.668     7.443    genblk1[61].shift_reg[62][7]_i_2_n_0
    SLICE_X7Y116         LUT6 (Prop_lut6_I3_O)        0.124     7.567 r  genblk1[6].shift_reg[7][7]_i_1/O
                         net (fo=1, routed)           0.000     7.567    genblk1[6].shift_reg[7][7]_i_1_n_0
    SLICE_X7Y116         FDCE                                         r  genblk1[6].shift_reg_reg[7][7]/D
  -------------------------------------------------------------------    -------------------

                         (clock clock_master rise edge)
                                                      0.000     0.000 r  
    E3                                                0.000     0.000 r  clk (IN)
                         net (fo=0)                   0.000     0.000    clk
    E3                   IBUF (Prop_ibuf_I_O)         1.411     1.411 r  clk_IBUF_inst/O
                         net (fo=1, routed)           1.920     3.331    clk_IBUF
    BUFGCTRL_X0Y16       BUFG (Prop_bufg_I_O)         0.091     3.422 r  clk_IBUF_BUFG_inst/O
                         net (fo=550, routed)         1.580     5.002    clk_IBUF_BUFG
    SLICE_X7Y116         FDCE                                         r  genblk1[6].shift_reg_reg[7][7]/C

Slack:                    inf
  Source:                 data_reg[4]/C
                            (rising edge-triggered cell FDRE)
  Destination:            genblk1[39].shift_reg_reg[40][4]/D
                            (rising edge-triggered cell FDCE clocked by clock_master  {rise@0.000ns fall@5.000ns period=10.000ns})
  Path Group:             (none)
  Path Type:              Setup (Max at Slow Process Corner)
  Data Path Delay:        7.515ns  (logic 0.831ns (11.058%)  route 6.684ns (88.942%))
  Logic Levels:           4  (FDRE=1 LUT4=1 LUT5=1 LUT6=1)
  Clock Uncertainty:      0.025ns  ((TSJ^2 + TIJ^2)^1/2 + DJ) / 2 + PE
    Total System Jitter     (TSJ):    0.050ns
    Total Input Jitter      (TIJ):    0.000ns
    Discrete Jitter          (DJ):    0.000ns
    Phase Error              (PE):    0.000ns

    Location             Delay type                Incr(ns)  Path(ns)    Netlist Resource(s)
  -------------------------------------------------------------------    -------------------
    SLICE_X11Y115        FDRE                         0.000     0.000 r  data_reg[4]/C
    SLICE_X11Y115        FDRE (Prop_fdre_C_Q)         0.459     0.459 r  data_reg[4]/Q
                         net (fo=20, routed)          1.538     1.997    p_1_in[0]
    SLICE_X7Y118         LUT4 (Prop_lut4_I3_O)        0.124     2.121 r  shift_reg[0][7]_i_2/O
                         net (fo=5, routed)           1.125     3.246    shift_reg[0][7]_i_2_n_0
    SLICE_X9Y117         LUT5 (Prop_lut5_I2_O)        0.124     3.370 r  genblk1[61].shift_reg[62][5]_i_2/O
                         net (fo=186, routed)         4.020     7.391    genblk1[61].shift_reg[62][5]_i_2_n_0
    SLICE_X0Y128         LUT6 (Prop_lut6_I3_O)        0.124     7.515 r  genblk1[39].shift_reg[40][4]_i_1/O
                         net (fo=1, routed)           0.000     7.515    genblk1[39].shift_reg[40][4]_i_1_n_0
    SLICE_X0Y128         FDCE                                         r  genblk1[39].shift_reg_reg[40][4]/D
  -------------------------------------------------------------------    -------------------

                         (clock clock_master rise edge)
                                                      0.000     0.000 r  
    E3                                                0.000     0.000 r  clk (IN)
                         net (fo=0)                   0.000     0.000    clk
    E3                   IBUF (Prop_ibuf_I_O)         1.411     1.411 r  clk_IBUF_inst/O
                         net (fo=1, routed)           1.920     3.331    clk_IBUF
    BUFGCTRL_X0Y16       BUFG (Prop_bufg_I_O)         0.091     3.422 r  clk_IBUF_BUFG_inst/O
                         net (fo=550, routed)         1.577     4.999    clk_IBUF_BUFG
    SLICE_X0Y128         FDCE                                         r  genblk1[39].shift_reg_reg[40][4]/C





Min Delay Paths
--------------------------------------------------------------------------------------
Slack:                    inf
  Source:                 data_reg[3]_rep__0/C
                            (rising edge-triggered cell FDRE)
  Destination:            genblk1[1].shift_reg_reg[2][2]/D
                            (rising edge-triggered cell FDCE clocked by clock_master  {rise@0.000ns fall@5.000ns period=10.000ns})
  Path Group:             (none)
  Path Type:              Hold (Min at Fast Process Corner)
  Data Path Delay:        0.298ns  (logic 0.212ns (71.243%)  route 0.086ns (28.757%))
  Logic Levels:           2  (FDRE=1 LUT6=1)
  Clock Uncertainty:      0.025ns  ((TSJ^2 + TIJ^2)^1/2 + DJ) / 2 + PE
    Total System Jitter     (TSJ):    0.050ns
    Total Input Jitter      (TIJ):    0.000ns
    Discrete Jitter          (DJ):    0.000ns
    Phase Error              (PE):    0.000ns

    Location             Delay type                Incr(ns)  Path(ns)    Netlist Resource(s)
  -------------------------------------------------------------------    -------------------
    SLICE_X8Y119         FDRE                         0.000     0.000 r  data_reg[3]_rep__0/C
    SLICE_X8Y119         FDRE (Prop_fdre_C_Q)         0.167     0.167 r  data_reg[3]_rep__0/Q
                         net (fo=64, routed)          0.086     0.253    data_reg[3]_rep__0_n_0
    SLICE_X9Y119         LUT6 (Prop_lut6_I2_O)        0.045     0.298 r  genblk1[1].shift_reg[2][2]_i_1/O
                         net (fo=1, routed)           0.000     0.298    genblk1[1].shift_reg[2][2]_i_1_n_0
    SLICE_X9Y119         FDCE                                         r  genblk1[1].shift_reg_reg[2][2]/D
  -------------------------------------------------------------------    -------------------

                         (clock clock_master rise edge)
                                                      0.000     0.000 r  
    E3                                                0.000     0.000 r  clk (IN)
                         net (fo=0)                   0.000     0.000    clk
    E3                   IBUF (Prop_ibuf_I_O)         0.438     0.438 r  clk_IBUF_inst/O
                         net (fo=1, routed)           0.699     1.136    clk_IBUF
    BUFGCTRL_X0Y16       BUFG (Prop_bufg_I_O)         0.029     1.165 r  clk_IBUF_BUFG_inst/O
                         net (fo=550, routed)         0.830     1.995    clk_IBUF_BUFG
    SLICE_X9Y119         FDCE                                         r  genblk1[1].shift_reg_reg[2][2]/C

Slack:                    inf
  Source:                 data_reg[6]/C
                            (rising edge-triggered cell FDRE)
  Destination:            shift_reg_reg[0][0]/D
                            (rising edge-triggered cell FDCE clocked by clock_master  {rise@0.000ns fall@5.000ns period=10.000ns})
  Path Group:             (none)
  Path Type:              Hold (Min at Fast Process Corner)
  Data Path Delay:        0.306ns  (logic 0.212ns (69.213%)  route 0.094ns (30.787%))
  Logic Levels:           2  (FDRE=1 LUT6=1)
  Clock Uncertainty:      0.025ns  ((TSJ^2 + TIJ^2)^1/2 + DJ) / 2 + PE
    Total System Jitter     (TSJ):    0.050ns
    Total Input Jitter      (TIJ):    0.000ns
    Discrete Jitter          (DJ):    0.000ns
    Phase Error              (PE):    0.000ns

    Location             Delay type                Incr(ns)  Path(ns)    Netlist Resource(s)
  -------------------------------------------------------------------    -------------------
    SLICE_X10Y117        FDRE                         0.000     0.000 r  data_reg[6]/C
    SLICE_X10Y117        FDRE (Prop_fdre_C_Q)         0.167     0.167 r  data_reg[6]/Q
                         net (fo=64, routed)          0.094     0.261    p_1_in[2]
    SLICE_X11Y117        LUT6 (Prop_lut6_I4_O)        0.045     0.306 r  shift_reg[0][0]_i_1/O
                         net (fo=1, routed)           0.000     0.306    shift_reg[0][0]_i_1_n_0
    SLICE_X11Y117        FDCE                                         r  shift_reg_reg[0][0]/D
  -------------------------------------------------------------------    -------------------

                         (clock clock_master rise edge)
                                                      0.000     0.000 r  
    E3                                                0.000     0.000 r  clk (IN)
                         net (fo=0)                   0.000     0.000    clk
    E3                   IBUF (Prop_ibuf_I_O)         0.438     0.438 r  clk_IBUF_inst/O
                         net (fo=1, routed)           0.699     1.136    clk_IBUF
    BUFGCTRL_X0Y16       BUFG (Prop_bufg_I_O)         0.029     1.165 r  clk_IBUF_BUFG_inst/O
                         net (fo=550, routed)         0.832     1.997    clk_IBUF_BUFG
    SLICE_X11Y117        FDCE                                         r  shift_reg_reg[0][0]/C

Slack:                    inf
  Source:                 data_reg[3]_rep/C
                            (rising edge-triggered cell FDRE)
  Destination:            genblk1[8].shift_reg_reg[9][1]/D
                            (rising edge-triggered cell FDCE clocked by clock_master  {rise@0.000ns fall@5.000ns period=10.000ns})
  Path Group:             (none)
  Path Type:              Hold (Min at Fast Process Corner)
  Data Path Delay:        0.368ns  (logic 0.212ns (57.584%)  route 0.156ns (42.416%))
  Logic Levels:           2  (FDRE=1 LUT6=1)
  Clock Uncertainty:      0.025ns  ((TSJ^2 + TIJ^2)^1/2 + DJ) / 2 + PE
    Total System Jitter     (TSJ):    0.050ns
    Total Input Jitter      (TIJ):    0.000ns
    Discrete Jitter          (DJ):    0.000ns
    Phase Error              (PE):    0.000ns

    Location             Delay type                Incr(ns)  Path(ns)    Netlist Resource(s)
  -------------------------------------------------------------------    -------------------
    SLICE_X8Y119         FDRE                         0.000     0.000 r  data_reg[3]_rep/C
    SLICE_X8Y119         FDRE (Prop_fdre_C_Q)         0.167     0.167 r  data_reg[3]_rep/Q
                         net (fo=64, routed)          0.156     0.323    data_reg[3]_rep_n_0
    SLICE_X11Y119        LUT6 (Prop_lut6_I2_O)        0.045     0.368 r  genblk1[8].shift_reg[9][1]_i_1/O
                         net (fo=1, routed)           0.000     0.368    genblk1[8].shift_reg[9][1]_i_1_n_0
    SLICE_X11Y119        FDCE                                         r  genblk1[8].shift_reg_reg[9][1]/D
  -------------------------------------------------------------------    -------------------

                         (clock clock_master rise edge)
                                                      0.000     0.000 r  
    E3                                                0.000     0.000 r  clk (IN)
                         net (fo=0)                   0.000     0.000    clk
    E3                   IBUF (Prop_ibuf_I_O)         0.438     0.438 r  clk_IBUF_inst/O
                         net (fo=1, routed)           0.699     1.136    clk_IBUF
    BUFGCTRL_X0Y16       BUFG (Prop_bufg_I_O)         0.029     1.165 r  clk_IBUF_BUFG_inst/O
                         net (fo=550, routed)         0.830     1.995    clk_IBUF_BUFG
    SLICE_X11Y119        FDCE                                         r  genblk1[8].shift_reg_reg[9][1]/C

Slack:                    inf
  Source:                 data_reg[6]/C
                            (rising edge-triggered cell FDRE)
  Destination:            genblk1[0].shift_reg_reg[1][0]/D
                            (rising edge-triggered cell FDCE clocked by clock_master  {rise@0.000ns fall@5.000ns period=10.000ns})
  Path Group:             (none)
  Path Type:              Hold (Min at Fast Process Corner)
  Data Path Delay:        0.397ns  (logic 0.212ns (53.450%)  route 0.185ns (46.550%))
  Logic Levels:           2  (FDRE=1 LUT6=1)
  Clock Uncertainty:      0.025ns  ((TSJ^2 + TIJ^2)^1/2 + DJ) / 2 + PE
    Total System Jitter     (TSJ):    0.050ns
    Total Input Jitter      (TIJ):    0.000ns
    Discrete Jitter          (DJ):    0.000ns
    Phase Error              (PE):    0.000ns

    Location             Delay type                Incr(ns)  Path(ns)    Netlist Resource(s)
  -------------------------------------------------------------------    -------------------
    SLICE_X10Y117        FDRE                         0.000     0.000 r  data_reg[6]/C
    SLICE_X10Y117        FDRE (Prop_fdre_C_Q)         0.167     0.167 f  data_reg[6]/Q
                         net (fo=64, routed)          0.185     0.352    p_1_in[2]
    SLICE_X12Y117        LUT6 (Prop_lut6_I0_O)        0.045     0.397 r  genblk1[0].shift_reg[1][0]_i_1/O
                         net (fo=1, routed)           0.000     0.397    genblk1[0].shift_reg[1][0]_i_1_n_0
    SLICE_X12Y117        FDCE                                         r  genblk1[0].shift_reg_reg[1][0]/D
  -------------------------------------------------------------------    -------------------

                         (clock clock_master rise edge)
                                                      0.000     0.000 r  
    E3                                                0.000     0.000 r  clk (IN)
                         net (fo=0)                   0.000     0.000    clk
    E3                   IBUF (Prop_ibuf_I_O)         0.438     0.438 r  clk_IBUF_inst/O
                         net (fo=1, routed)           0.699     1.136    clk_IBUF
    BUFGCTRL_X0Y16       BUFG (Prop_bufg_I_O)         0.029     1.165 r  clk_IBUF_BUFG_inst/O
                         net (fo=550, routed)         0.832     1.997    clk_IBUF_BUFG
    SLICE_X12Y117        FDCE                                         r  genblk1[0].shift_reg_reg[1][0]/C

Slack:                    inf
  Source:                 data_reg[3]_rep__0/C
                            (rising edge-triggered cell FDRE)
  Destination:            genblk1[0].shift_reg_reg[1][2]/D
                            (rising edge-triggered cell FDCE clocked by clock_master  {rise@0.000ns fall@5.000ns period=10.000ns})
  Path Group:             (none)
  Path Type:              Hold (Min at Fast Process Corner)
  Data Path Delay:        0.401ns  (logic 0.212ns (52.846%)  route 0.189ns (47.154%))
  Logic Levels:           2  (FDRE=1 LUT6=1)
  Clock Uncertainty:      0.025ns  ((TSJ^2 + TIJ^2)^1/2 + DJ) / 2 + PE
    Total System Jitter     (TSJ):    0.050ns
    Total Input Jitter      (TIJ):    0.000ns
    Discrete Jitter          (DJ):    0.000ns
    Phase Error              (PE):    0.000ns

    Location             Delay type                Incr(ns)  Path(ns)    Netlist Resource(s)
  -------------------------------------------------------------------    -------------------
    SLICE_X8Y119         FDRE                         0.000     0.000 r  data_reg[3]_rep__0/C
    SLICE_X8Y119         FDRE (Prop_fdre_C_Q)         0.167     0.167 r  data_reg[3]_rep__0/Q
                         net (fo=64, routed)          0.189     0.356    data_reg[3]_rep__0_n_0
    SLICE_X10Y119        LUT6 (Prop_lut6_I2_O)        0.045     0.401 r  genblk1[0].shift_reg[1][2]_i_1/O
                         net (fo=1, routed)           0.000     0.401    genblk1[0].shift_reg[1][2]_i_1_n_0
    SLICE_X10Y119        FDCE                                         r  genblk1[0].shift_reg_reg[1][2]/D
  -------------------------------------------------------------------    -------------------

                         (clock clock_master rise edge)
                                                      0.000     0.000 r  
    E3                                                0.000     0.000 r  clk (IN)
                         net (fo=0)                   0.000     0.000    clk
    E3                   IBUF (Prop_ibuf_I_O)         0.438     0.438 r  clk_IBUF_inst/O
                         net (fo=1, routed)           0.699     1.136    clk_IBUF
    BUFGCTRL_X0Y16       BUFG (Prop_bufg_I_O)         0.029     1.165 r  clk_IBUF_BUFG_inst/O
                         net (fo=550, routed)         0.830     1.995    clk_IBUF_BUFG
    SLICE_X10Y119        FDCE                                         r  genblk1[0].shift_reg_reg[1][2]/C

Slack:                    inf
  Source:                 data_reg[3]_rep__0/C
                            (rising edge-triggered cell FDRE)
  Destination:            shift_reg_reg[0][2]/D
                            (rising edge-triggered cell FDCE clocked by clock_master  {rise@0.000ns fall@5.000ns period=10.000ns})
  Path Group:             (none)
  Path Type:              Hold (Min at Fast Process Corner)
  Data Path Delay:        0.405ns  (logic 0.212ns (52.324%)  route 0.193ns (47.676%))
  Logic Levels:           2  (FDRE=1 LUT6=1)
  Clock Uncertainty:      0.025ns  ((TSJ^2 + TIJ^2)^1/2 + DJ) / 2 + PE
    Total System Jitter     (TSJ):    0.050ns
    Total Input Jitter      (TIJ):    0.000ns
    Discrete Jitter          (DJ):    0.000ns
    Phase Error              (PE):    0.000ns

    Location             Delay type                Incr(ns)  Path(ns)    Netlist Resource(s)
  -------------------------------------------------------------------    -------------------
    SLICE_X8Y119         FDRE                         0.000     0.000 r  data_reg[3]_rep__0/C
    SLICE_X8Y119         FDRE (Prop_fdre_C_Q)         0.167     0.167 r  data_reg[3]_rep__0/Q
                         net (fo=64, routed)          0.193     0.360    data_reg[3]_rep__0_n_0
    SLICE_X10Y119        LUT6 (Prop_lut6_I2_O)        0.045     0.405 r  shift_reg[0][2]_i_1/O
                         net (fo=1, routed)           0.000     0.405    shift_reg[0][2]_i_1_n_0
    SLICE_X10Y119        FDCE                                         r  shift_reg_reg[0][2]/D
  -------------------------------------------------------------------    -------------------

                         (clock clock_master rise edge)
                                                      0.000     0.000 r  
    E3                                                0.000     0.000 r  clk (IN)
                         net (fo=0)                   0.000     0.000    clk
    E3                   IBUF (Prop_ibuf_I_O)         0.438     0.438 r  clk_IBUF_inst/O
                         net (fo=1, routed)           0.699     1.136    clk_IBUF
    BUFGCTRL_X0Y16       BUFG (Prop_bufg_I_O)         0.029     1.165 r  clk_IBUF_BUFG_inst/O
                         net (fo=550, routed)         0.830     1.995    clk_IBUF_BUFG
    SLICE_X10Y119        FDCE                                         r  shift_reg_reg[0][2]/C

Slack:                    inf
  Source:                 data_reg[6]_rep/C
                            (rising edge-triggered cell FDRE)
  Destination:            shift_reg_reg[0][1]/D
                            (rising edge-triggered cell FDCE clocked by clock_master  {rise@0.000ns fall@5.000ns period=10.000ns})
  Path Group:             (none)
  Path Type:              Hold (Min at Fast Process Corner)
  Data Path Delay:        0.432ns  (logic 0.212ns (49.063%)  route 0.220ns (50.937%))
  Logic Levels:           2  (FDRE=1 LUT6=1)
  Clock Uncertainty:      0.025ns  ((TSJ^2 + TIJ^2)^1/2 + DJ) / 2 + PE
    Total System Jitter     (TSJ):    0.050ns
    Total Input Jitter      (TIJ):    0.000ns
    Discrete Jitter          (DJ):    0.000ns
    Phase Error              (PE):    0.000ns

    Location             Delay type                Incr(ns)  Path(ns)    Netlist Resource(s)
  -------------------------------------------------------------------    -------------------
    SLICE_X10Y117        FDRE                         0.000     0.000 r  data_reg[6]_rep/C
    SLICE_X10Y117        FDRE (Prop_fdre_C_Q)         0.167     0.167 r  data_reg[6]_rep/Q
                         net (fo=64, routed)          0.220     0.387    data_reg[6]_rep_n_0
    SLICE_X11Y118        LUT6 (Prop_lut6_I4_O)        0.045     0.432 r  shift_reg[0][1]_i_1/O
                         net (fo=1, routed)           0.000     0.432    shift_reg[0][1]_i_1_n_0
    SLICE_X11Y118        FDCE                                         r  shift_reg_reg[0][1]/D
  -------------------------------------------------------------------    -------------------

                         (clock clock_master rise edge)
                                                      0.000     0.000 r  
    E3                                                0.000     0.000 r  clk (IN)
                         net (fo=0)                   0.000     0.000    clk
    E3                   IBUF (Prop_ibuf_I_O)         0.438     0.438 r  clk_IBUF_inst/O
                         net (fo=1, routed)           0.699     1.136    clk_IBUF
    BUFGCTRL_X0Y16       BUFG (Prop_bufg_I_O)         0.029     1.165 r  clk_IBUF_BUFG_inst/O
                         net (fo=550, routed)         0.831     1.996    clk_IBUF_BUFG
    SLICE_X11Y118        FDCE                                         r  shift_reg_reg[0][1]/C

Slack:                    inf
  Source:                 data_reg[3]_rep/C
                            (rising edge-triggered cell FDRE)
  Destination:            genblk1[1].shift_reg_reg[2][1]/D
                            (rising edge-triggered cell FDCE clocked by clock_master  {rise@0.000ns fall@5.000ns period=10.000ns})
  Path Group:             (none)
  Path Type:              Hold (Min at Fast Process Corner)
  Data Path Delay:        0.437ns  (logic 0.212ns (48.462%)  route 0.225ns (51.538%))
  Logic Levels:           2  (FDRE=1 LUT6=1)
  Clock Uncertainty:      0.025ns  ((TSJ^2 + TIJ^2)^1/2 + DJ) / 2 + PE
    Total System Jitter     (TSJ):    0.050ns
    Total Input Jitter      (TIJ):    0.000ns
    Discrete Jitter          (DJ):    0.000ns
    Phase Error              (PE):    0.000ns

    Location             Delay type                Incr(ns)  Path(ns)    Netlist Resource(s)
  -------------------------------------------------------------------    -------------------
    SLICE_X8Y119         FDRE                         0.000     0.000 r  data_reg[3]_rep/C
    SLICE_X8Y119         FDRE (Prop_fdre_C_Q)         0.167     0.167 r  data_reg[3]_rep/Q
                         net (fo=64, routed)          0.225     0.392    data_reg[3]_rep_n_0
    SLICE_X10Y118        LUT6 (Prop_lut6_I2_O)        0.045     0.437 r  genblk1[1].shift_reg[2][1]_i_1/O
                         net (fo=1, routed)           0.000     0.437    genblk1[1].shift_reg[2][1]_i_1_n_0
    SLICE_X10Y118        FDCE                                         r  genblk1[1].shift_reg_reg[2][1]/D
  -------------------------------------------------------------------    -------------------

                         (clock clock_master rise edge)
                                                      0.000     0.000 r  
    E3                                                0.000     0.000 r  clk (IN)
                         net (fo=0)                   0.000     0.000    clk
    E3                   IBUF (Prop_ibuf_I_O)         0.438     0.438 r  clk_IBUF_inst/O
                         net (fo=1, routed)           0.699     1.136    clk_IBUF
    BUFGCTRL_X0Y16       BUFG (Prop_bufg_I_O)         0.029     1.165 r  clk_IBUF_BUFG_inst/O
                         net (fo=550, routed)         0.831     1.996    clk_IBUF_BUFG
    SLICE_X10Y118        FDCE                                         r  genblk1[1].shift_reg_reg[2][1]/C

Slack:                    inf
  Source:                 data_reg[6]_rep__2/C
                            (rising edge-triggered cell FDRE)
  Destination:            genblk1[0].shift_reg_reg[1][4]/D
                            (rising edge-triggered cell FDCE clocked by clock_master  {rise@0.000ns fall@5.000ns period=10.000ns})
  Path Group:             (none)
  Path Type:              Hold (Min at Fast Process Corner)
  Data Path Delay:        0.445ns  (logic 0.212ns (47.638%)  route 0.233ns (52.362%))
  Logic Levels:           2  (FDRE=1 LUT6=1)
  Clock Uncertainty:      0.025ns  ((TSJ^2 + TIJ^2)^1/2 + DJ) / 2 + PE
    Total System Jitter     (TSJ):    0.050ns
    Total Input Jitter      (TIJ):    0.000ns
    Discrete Jitter          (DJ):    0.000ns
    Phase Error              (PE):    0.000ns

    Location             Delay type                Incr(ns)  Path(ns)    Netlist Resource(s)
  -------------------------------------------------------------------    -------------------
    SLICE_X6Y118         FDRE                         0.000     0.000 r  data_reg[6]_rep__2/C
    SLICE_X6Y118         FDRE (Prop_fdre_C_Q)         0.167     0.167 f  data_reg[6]_rep__2/Q
                         net (fo=64, routed)          0.233     0.400    data_reg[6]_rep__2_n_0
    SLICE_X5Y119         LUT6 (Prop_lut6_I0_O)        0.045     0.445 r  genblk1[0].shift_reg[1][4]_i_1/O
                         net (fo=1, routed)           0.000     0.445    genblk1[0].shift_reg[1][4]_i_1_n_0
    SLICE_X5Y119         FDCE                                         r  genblk1[0].shift_reg_reg[1][4]/D
  -------------------------------------------------------------------    -------------------

                         (clock clock_master rise edge)
                                                      0.000     0.000 r  
    E3                                                0.000     0.000 r  clk (IN)
                         net (fo=0)                   0.000     0.000    clk
    E3                   IBUF (Prop_ibuf_I_O)         0.438     0.438 r  clk_IBUF_inst/O
                         net (fo=1, routed)           0.699     1.136    clk_IBUF
    BUFGCTRL_X0Y16       BUFG (Prop_bufg_I_O)         0.029     1.165 r  clk_IBUF_BUFG_inst/O
                         net (fo=550, routed)         0.857     2.023    clk_IBUF_BUFG
    SLICE_X5Y119         FDCE                                         r  genblk1[0].shift_reg_reg[1][4]/C

Slack:                    inf
  Source:                 data_reg[6]_rep__2/C
                            (rising edge-triggered cell FDRE)
  Destination:            genblk1[1].shift_reg_reg[2][4]/D
                            (rising edge-triggered cell FDCE clocked by clock_master  {rise@0.000ns fall@5.000ns period=10.000ns})
  Path Group:             (none)
  Path Type:              Hold (Min at Fast Process Corner)
  Data Path Delay:        0.447ns  (logic 0.212ns (47.425%)  route 0.235ns (52.575%))
  Logic Levels:           2  (FDRE=1 LUT6=1)
  Clock Uncertainty:      0.025ns  ((TSJ^2 + TIJ^2)^1/2 + DJ) / 2 + PE
    Total System Jitter     (TSJ):    0.050ns
    Total Input Jitter      (TIJ):    0.000ns
    Discrete Jitter          (DJ):    0.000ns
    Phase Error              (PE):    0.000ns

    Location             Delay type                Incr(ns)  Path(ns)    Netlist Resource(s)
  -------------------------------------------------------------------    -------------------
    SLICE_X6Y118         FDRE                         0.000     0.000 r  data_reg[6]_rep__2/C
    SLICE_X6Y118         FDRE (Prop_fdre_C_Q)         0.167     0.167 f  data_reg[6]_rep__2/Q
                         net (fo=64, routed)          0.235     0.402    data_reg[6]_rep__2_n_0
    SLICE_X5Y119         LUT6 (Prop_lut6_I0_O)        0.045     0.447 r  genblk1[1].shift_reg[2][4]_i_1/O
                         net (fo=1, routed)           0.000     0.447    genblk1[1].shift_reg[2][4]_i_1_n_0
    SLICE_X5Y119         FDCE                                         r  genblk1[1].shift_reg_reg[2][4]/D
  -------------------------------------------------------------------    -------------------

                         (clock clock_master rise edge)
                                                      0.000     0.000 r  
    E3                                                0.000     0.000 r  clk (IN)
                         net (fo=0)                   0.000     0.000    clk
    E3                   IBUF (Prop_ibuf_I_O)         0.438     0.438 r  clk_IBUF_inst/O
                         net (fo=1, routed)           0.699     1.136    clk_IBUF
    BUFGCTRL_X0Y16       BUFG (Prop_bufg_I_O)         0.029     1.165 r  clk_IBUF_BUFG_inst/O
                         net (fo=550, routed)         0.857     2.023    clk_IBUF_BUFG
    SLICE_X5Y119         FDCE                                         r  genblk1[1].shift_reg_reg[2][4]/C





